student_id,department,year_of_study,cgpa,skill_count,skills,internship_months,projects,certifications,workshops,placed,skill_diversity,total_experience,cgpa_normalized,certification_score,skill_cgpa_ratio,exp_skill_ratio,department_encoded
STU0001,Information Science,4,8.27,9,"['Power BI', 'Kafka', 'HTML', 'AWS', 'Unity', 'Swift', 'JavaScript', 'Selenium', 'Flutter']",0,1,3,8,1,9,2,0.827,14,0.970873786407767,0.2,4
STU0002,Computer Science,4,6.35,7,"['C++', 'Python', 'Kotlin', 'Embedded C', 'NLP', 'Git', 'Machine Learning']",3,4,0,0,0,7,11,0.635,0,0.9523809523809524,1.375,1
STU0003,Civil,4,5.53,10,"['Swift', 'SQL', 'Spark', 'Solidity', 'Embedded C', 'MySQL', 'Django', 'Azure', 'NLP', 'Kubernetes']",3,4,2,6,0,10,11,0.553,10,1.5313935681470137,1.0,0
STU0004,Computer Science,3,6.62,7,"['FastAPI', 'Spark', 'AWS', 'TypeScript', 'HTML', 'GCP', 'Power BI']",6,2,0,3,0,7,10,0.662,3,0.9186351706036745,1.25,1
STU0005,Information Science,4,8.89,9,"['Kubernetes', 'NLP', 'Linux', 'Node.js', 'JavaScript', 'FastAPI', 'TypeScript', 'Embedded C', 'Kafka']",3,3,0,0,1,9,9,0.889,0,0.910010111223458,0.9,4
STU0006,Information Science,4,6.79,11,"['Power BI', 'Kafka', 'MySQL', 'Embedded C', 'Git', 'Node.js', 'Azure', 'AWS', 'Machine Learning', 'Tableau', 'NLP']",0,2,0,1,0,11,4,0.679,1,1.4120667522464698,0.3333333333333333,4
STU0007,Mechanical,3,6.35,5,"['Django', 'MongoDB', 'Azure', 'Solidity', 'Node.js']",2,0,0,4,1,5,2,0.635,4,0.6802721088435374,0.3333333333333333,5
STU0008,Electrical,4,7.45,10,"['Spark', 'Deep Learning', 'HTML', 'SQL', 'Power BI', 'GCP', 'Selenium', 'Kotlin', 'NLP', 'Git']",0,3,4,3,0,10,6,0.745,11,1.183431952662722,0.5454545454545454,2
STU0009,Electronics,4,7.48,5,"['GCP', 'Tableau', 'FastAPI', 'Spark', 'C++']",5,2,0,7,1,5,9,0.748,7,0.5896226415094339,1.5,3
STU0010,Civil,4,6.49,9,"['Postman', 'Tableau', 'Machine Learning', 'AWS', 'SQL', 'Power BI', 'Linux', 'Git', 'Docker']",5,3,4,9,1,9,11,0.649,17,1.2016021361815754,1.1,0
STU0011,Computer Science,4,6.03,3,"['CSS', 'Embedded C', 'JavaScript']",5,1,4,2,0,3,7,0.603,10,0.4267425320056899,1.75,1
STU0012,Computer Science,4,6.43,4,"['Embedded C', 'Java', 'TypeScript', 'Git']",2,0,3,8,1,4,2,0.643,14,0.5383580080753702,0.4,1
STU0013,Electrical,4,8.94,6,"['Docker', 'Azure', 'Power BI', 'Postman', 'TypeScript', 'Kotlin']",1,1,4,4,1,6,3,0.8939999999999999,12,0.6036217303822938,0.42857142857142855,2
STU0014,Civil,4,9.69,3,"['GCP', 'AWS', 'Power BI']",4,4,4,5,1,3,12,0.969,13,0.28063610851262866,3.0,0
STU0015,Mechanical,4,6.25,7,"['Power BI', 'Kotlin', 'Solidity', 'Jira', 'JavaScript', 'React', 'FastAPI']",2,5,0,8,0,7,12,0.625,8,0.9655172413793104,1.5,5
STU0016,Information Science,4,9.38,5,"['GCP', 'AWS', 'TypeScript', 'Deep Learning', 'Jira']",6,4,4,4,1,5,14,0.9380000000000001,12,0.48169556840077066,2.3333333333333335,4
STU0017,Electronics,3,5.07,3,"['Figma', 'Jira', 'Azure']",5,1,1,1,0,3,7,0.507,3,0.4942339373970346,1.75,3
STU0018,Electronics,4,8.2,4,"['Selenium', 'Kotlin', 'Django', 'Tableau']",1,4,1,2,1,4,9,0.82,4,0.4347826086956522,1.8,3
STU0019,Electronics,4,5.64,4,"['Solidity', 'Unity', 'Flutter', 'Linux']",2,5,2,1,0,4,12,0.564,5,0.6024096385542169,2.4,3
STU0020,Electrical,3,6.71,11,"['Machine Learning', 'Unity', 'MySQL', 'JavaScript', 'Postman', 'Swift', 'GCP', 'HTML', 'Power BI', 'FastAPI', 'Django']",4,5,4,8,0,11,14,0.671,16,1.4267185473411155,1.1666666666666667,2
STU0021,Mechanical,3,9.65,8,"['Kotlin', 'Deep Learning', 'Selenium', 'Kubernetes', 'NLP', 'Node.js', 'MySQL', 'JavaScript']",3,2,3,0,1,8,7,0.9650000000000001,6,0.7511737089201878,0.7777777777777778,5
STU0022,Electrical,3,8.51,3,"['Figma', 'Azure', 'Swift']",0,1,3,2,0,3,2,0.851,8,0.31545741324921134,0.5,2
STU0023,Mechanical,4,8.01,10,"['Unity', 'Figma', 'Selenium', 'Postman', 'Linux', 'C++', 'Jira', 'FastAPI', 'Java', 'GCP']",7,1,3,0,1,10,9,0.8009999999999999,6,1.1098779134295227,0.8181818181818182,5
STU0024,Electrical,3,5.87,6,"['JavaScript', 'Flutter', 'Figma', 'Docker', 'React', 'GCP']",1,5,1,9,0,6,11,0.587,11,0.8733624454148472,1.5714285714285714,2
STU0025,Information Science,4,5.55,3,"['NLP', 'GCP', 'Jira']",3,0,1,5,0,3,3,0.5549999999999999,7,0.4580152671755725,0.75,4
STU0026,Information Science,4,9.02,3,"['Selenium', 'Java', 'SQL']",2,1,0,2,0,3,4,0.9019999999999999,2,0.29940119760479045,1.0,4
STU0027,Civil,3,5.98,3,"['GCP', 'Figma', 'NLP']",6,1,1,6,1,3,8,0.5980000000000001,8,0.4297994269340974,2.0,0
STU0028,Computer Science,3,8.56,5,"['GCP', 'MongoDB', 'JavaScript', 'FastAPI', 'Git']",1,4,0,6,1,5,9,0.8560000000000001,6,0.5230125523012552,1.5,1
STU0029,Electronics,3,5.88,6,"['C++', 'Spark', 'AWS', 'Embedded C', 'GCP', 'Flutter']",4,3,2,9,0,6,10,0.588,13,0.872093023255814,1.4285714285714286,3
STU0030,Information Science,4,5.03,6,"['Unity', 'Kafka', 'CSS', 'AWS', 'Selenium', 'Deep Learning']",3,2,4,0,0,6,7,0.503,8,0.9950248756218905,1.0,4
STU0031,Electronics,4,9.53,3,"['SQL', 'Flutter', 'Java']",1,5,3,6,1,3,11,0.953,12,0.2849002849002849,2.75,3
STU0032,Mechanical,4,9.79,9,"['MongoDB', 'Git', 'Tableau', 'React', 'Solidity', 'Embedded C', 'Spark', 'CSS', 'Swift']",3,4,0,4,1,9,11,0.9789999999999999,4,0.8341056533827619,1.1,5
STU0033,Computer Science,4,9.24,10,"['MongoDB', 'JavaScript', 'CSS', 'Java', 'Postman', 'Embedded C', 'Tableau', 'Unity', 'Django', 'Figma']",7,2,4,1,1,10,11,0.924,9,0.9765625,1.0,1
STU0034,Information Science,4,5.44,6,"['Kubernetes', 'JavaScript', 'Django', 'SQL', 'MySQL', 'NLP']",0,2,2,8,0,6,4,0.544,12,0.9316770186335404,0.5714285714285714,4
STU0035,Civil,4,8.83,11,"['SQL', 'JavaScript', 'React', 'Python', 'Jira', 'Linux', 'Tableau', 'Java', 'Deep Learning', 'Kafka', 'Unity']",7,3,0,8,1,11,13,0.883,8,1.1190233977619533,1.0833333333333333,0
STU0036,Mechanical,3,6.88,11,"['Solidity', 'Tableau', 'Postman', 'Kotlin', 'Azure', 'Git', 'GCP', 'Power BI', 'CSS', 'C++', 'Kafka']",6,5,4,5,1,11,16,0.688,13,1.3959390862944163,1.3333333333333333,5
STU0037,Information Science,4,9.1,3,"['NLP', 'TypeScript', 'Solidity']",6,4,4,3,1,3,14,0.9099999999999999,11,0.297029702970297,3.5,4
STU0038,Electronics,3,5.09,6,"['Node.js', 'Kotlin', 'SQL', 'Kafka', 'Power BI', 'JavaScript']",4,3,4,7,1,6,10,0.509,15,0.9852216748768473,1.4285714285714286,3
STU0039,Information Science,4,5.49,11,"['FastAPI', 'HTML', 'Figma', 'SQL', 'Spark', 'Node.js', 'C++', 'Git', 'Deep Learning', 'Power BI', 'Python']",5,5,3,3,0,11,15,0.549,9,1.694915254237288,1.25,4
STU0040,Mechanical,4,8.85,4,"['FastAPI', 'Django', 'Flutter', 'HTML']",5,2,2,3,1,4,9,0.885,7,0.40609137055837563,1.8,5
STU0041,Mechanical,4,9.61,8,"['MongoDB', 'GCP', 'FastAPI', 'Power BI', 'Python', 'JavaScript', 'MySQL', 'Tableau']",1,4,3,4,1,8,9,0.961,10,0.7540056550424129,1.0,5
STU0042,Computer Science,4,6.94,6,"['Figma', 'Docker', 'AWS', 'Machine Learning', 'MySQL', 'Kotlin']",5,0,3,1,0,6,5,0.6940000000000001,7,0.7556675062972292,0.7142857142857143,1
STU0043,Electrical,3,7.56,11,"['Kafka', 'JavaScript', 'Embedded C', 'Linux', 'Flutter', 'Solidity', 'Postman', 'Figma', 'CSS', 'Kubernetes', 'Docker']",0,0,3,7,0,11,0,0.756,13,1.2850467289719627,0.0,2
STU0044,Civil,4,8.52,6,"['Flutter', 'Solidity', 'Tableau', 'MongoDB', 'Power BI', 'Unity']",7,1,4,0,1,6,9,0.852,8,0.6302521008403361,1.2857142857142858,0
STU0045,Electrical,4,5.43,7,"['NLP', 'C++', 'MySQL', 'Swift', 'Flutter', 'Django', 'Git']",6,0,2,3,0,7,6,0.5429999999999999,7,1.088646967340591,0.75,2
STU0046,Civil,4,7.6,8,"['SQL', 'Solidity', 'Embedded C', 'HTML', 'Linux', 'Java', 'React', 'Unity']",7,1,3,4,1,8,9,0.76,10,0.9302325581395349,1.0,0
STU0047,Mechanical,4,6.49,7,"['Python', 'Unity', 'TypeScript', 'JavaScript', 'React', 'Solidity', 'Embedded C']",3,5,1,1,0,7,13,0.649,3,0.9345794392523364,1.625,5
STU0048,Mechanical,3,7.03,9,"['AWS', 'CSS', 'Solidity', 'Swift', 'Embedded C', 'HTML', 'C++', 'Java', 'Selenium']",1,0,1,2,1,9,1,0.7030000000000001,4,1.12079701120797,0.1,5
STU0049,Civil,4,9.35,9,"['Kotlin', 'Unity', 'Solidity', 'Spark', 'Deep Learning', 'Kafka', 'Postman', 'SQL', 'TypeScript']",4,5,3,7,1,9,14,0.9349999999999999,13,0.8695652173913043,1.4,0
STU0050,Mechanical,4,8.05,5,"['Postman', 'Machine Learning', 'Azure', 'Node.js', 'Figma']",6,0,1,8,1,5,6,0.805,10,0.5524861878453038,1.0,5
STU0051,Information Science,4,6.15,10,"['Kafka', 'Machine Learning', 'AWS', 'React', 'Node.js', 'Embedded C', 'Spark', 'Azure', 'Tableau', 'Docker']",0,2,2,3,0,10,4,0.615,7,1.3986013986013985,0.36363636363636365,4
STU0052,Mechanical,4,7.3,9,"['Flutter', 'Git', 'Linux', 'Python', 'TypeScript', 'Unity', 'SQL', 'Power BI', 'Jira']",0,3,0,5,1,9,6,0.73,5,1.0843373493975903,0.6,5
STU0053,Computer Science,3,5.49,11,"['Selenium', 'Jira', 'Kotlin', 'GCP', 'MongoDB', 'Solidity', 'Python', 'C++', 'JavaScript', 'Postman', 'Tableau']",7,3,0,3,0,11,13,0.549,3,1.694915254237288,1.0833333333333333,1
STU0054,Information Science,4,7.4,6,"['Unity', 'Git', 'TypeScript', 'Kotlin', 'C++', 'Docker']",7,4,1,3,1,6,15,0.74,5,0.7142857142857143,2.142857142857143,4
STU0055,Information Science,4,5.35,4,"['Linux', 'CSS', 'SQL', 'MongoDB']",7,2,0,4,0,4,11,0.5349999999999999,4,0.6299212598425197,2.2,4
STU0056,Computer Science,4,5.55,6,"['NLP', 'Embedded C', 'FastAPI', 'Flutter', 'Unity', 'Linux']",4,4,3,1,0,6,12,0.5549999999999999,7,0.916030534351145,1.7142857142857142,1
STU0057,Electronics,3,5.52,9,"['Node.js', 'Java', 'Kubernetes', 'Embedded C', 'SQL', 'Python', 'Kotlin', 'Postman', 'CSS']",4,3,2,1,0,9,10,0.5519999999999999,5,1.3803680981595092,1.0,3
STU0058,Information Science,3,8.76,8,"['NLP', 'Power BI', 'Docker', 'Linux', 'Unity', 'AWS', 'CSS', 'Kotlin']",3,3,1,9,1,8,9,0.876,11,0.819672131147541,1.0,4
STU0059,Information Science,4,5.5,3,"['Spark', 'NLP', 'MongoDB']",1,3,3,7,0,3,7,0.55,13,0.46153846153846156,1.75,4
STU0060,Information Science,3,9.56,5,"['Java', 'Swift', 'HTML', 'Node.js', 'TypeScript']",4,0,3,9,1,5,4,0.9560000000000001,15,0.47348484848484845,0.6666666666666666,4
STU0061,Computer Science,4,6.26,3,"['Machine Learning', 'Tableau', 'AWS']",2,3,1,5,0,3,8,0.626,7,0.4132231404958678,2.0,1
STU0062,Civil,3,9.64,11,"['React', 'Selenium', 'Power BI', 'Kotlin', 'Solidity', 'Git', 'Python', 'TypeScript', 'NLP', 'MongoDB', 'Tableau']",4,0,0,1,1,11,4,0.9640000000000001,1,1.0338345864661653,0.3333333333333333,0
STU0063,Mechanical,4,5.25,11,"['Kubernetes', 'Linux', 'Deep Learning', 'Unity', 'TypeScript', 'Azure', 'NLP', 'SQL', 'GCP', 'Postman', 'C++']",6,0,4,3,0,11,6,0.525,11,1.76,0.5,5
STU0064,Electrical,4,6.33,8,"['Jira', 'NLP', 'Linux', 'Embedded C', 'Kafka', 'Spark', 'Tableau', 'Git']",7,0,1,9,0,8,7,0.633,11,1.0914051841746248,0.7777777777777778,2
STU0065,Electrical,4,7.69,9,"['Docker', 'Azure', 'Solidity', 'Kubernetes', 'Spark', 'Node.js', 'Unity', 'Linux', 'FastAPI']",0,3,0,3,1,9,6,0.769,3,1.0356731875719216,0.6,2
STU0066,Electronics,4,8.04,5,"['Kotlin', 'TypeScript', 'NLP', 'AWS', 'Swift']",3,4,1,1,1,5,11,0.8039999999999999,3,0.5530973451327434,1.8333333333333333,3
STU0067,Electronics,4,6.82,9,"['Git', 'Kubernetes', 'Machine Learning', 'HTML', 'Power BI', 'FastAPI', 'Node.js', 'Swift', 'GCP']",5,3,4,7,0,9,11,0.682,15,1.1508951406649617,1.1,3
STU0068,Mechanical,4,6.43,6,"['Kubernetes', 'Docker', 'Swift', 'Java', 'MySQL', 'Deep Learning']",2,5,0,3,0,6,12,0.643,3,0.8075370121130552,1.7142857142857142,5
STU0069,Civil,4,7.91,11,"['FastAPI', 'Node.js', 'Jira', 'Azure', 'Docker', 'NLP', 'Git', 'Tableau', 'CSS', 'Figma', 'JavaScript']",2,5,3,8,1,11,12,0.791,14,1.2345679012345678,1.0,0
STU0070,Computer Science,3,7.15,9,"['Figma', 'GCP', 'Kotlin', 'Tableau', 'Git', 'AWS', 'Embedded C', 'HTML', 'Swift']",3,0,4,5,1,9,3,0.7150000000000001,13,1.1042944785276072,0.3,1
STU0071,Computer Science,4,8.45,10,"['Java', 'Kubernetes', 'CSS', 'GCP', 'SQL', 'MongoDB', 'Selenium', 'Embedded C', 'Node.js', 'Deep Learning']",3,1,4,7,1,10,5,0.845,15,1.0582010582010584,0.45454545454545453,1
STU0072,Electronics,4,8.06,9,"['Swift', 'AWS', 'Postman', 'FastAPI', 'GCP', 'MySQL', 'CSS', 'Kafka', 'Machine Learning']",4,1,4,5,1,9,6,0.806,13,0.9933774834437086,0.6,3
STU0073,Information Science,3,7.89,10,"['AWS', 'Postman', 'Swift', 'GCP', 'Jira', 'Power BI', 'TypeScript', 'Git', 'Spark', 'Linux']",3,3,0,7,1,10,9,0.7889999999999999,7,1.124859392575928,0.8181818181818182,4
STU0074,Electrical,4,5.48,7,"['FastAPI', 'React', 'Unity', 'Flutter', 'Figma', 'Swift', 'NLP']",5,5,2,9,0,7,15,0.548,13,1.0802469135802468,1.875,2
STU0075,Mechanical,4,7.44,7,"['MySQL', 'Python', 'AWS', 'TypeScript', 'Deep Learning', 'Node.js', 'Kotlin']",6,3,4,6,1,7,12,0.744,14,0.8293838862559241,1.5,5
STU0076,Electrical,4,9.56,10,"['C++', 'Postman', 'React', 'Node.js', 'Jira', 'Django', 'Swift', 'Python', 'AWS', 'Solidity']",1,3,3,3,1,10,7,0.9560000000000001,9,0.9469696969696969,0.6363636363636364,2
STU0077,Electronics,4,9.66,6,"['Java', 'Deep Learning', 'Embedded C', 'HTML', 'Power BI', 'CSS']",4,1,4,5,1,6,6,0.966,13,0.5628517823639775,0.8571428571428571,3
STU0078,Electronics,4,8.3,7,"['CSS', 'Swift', 'Machine Learning', 'Kafka', 'Django', 'Node.js', 'Spark']",6,5,2,2,1,7,16,0.8300000000000001,6,0.7526881720430108,2.0,3
STU0079,Electrical,4,7.16,4,"['Node.js', 'Unity', 'SQL', 'Flutter']",1,3,3,3,0,4,7,0.716,9,0.49019607843137253,1.4,2
STU0080,Information Science,4,6.52,6,"['C++', 'MySQL', 'Spark', 'Power BI', 'HTML', 'Kotlin']",2,0,0,2,0,6,2,0.6519999999999999,2,0.797872340425532,0.2857142857142857,4
STU0081,Information Science,4,6.73,6,"['Power BI', 'MongoDB', 'Java', 'Embedded C', 'GCP', 'JavaScript']",7,3,0,2,0,6,13,0.673,2,0.7761966364812418,1.8571428571428572,4
STU0082,Mechanical,3,8.2,5,"['AWS', 'Node.js', 'Linux', 'Embedded C', 'Azure']",0,5,1,4,1,5,10,0.82,6,0.5434782608695653,1.6666666666666667,5
STU0083,Information Science,3,7.09,7,"['JavaScript', 'MySQL', 'React', 'Kotlin', 'Kubernetes', 'NLP', 'Postman']",7,4,0,0,1,7,15,0.709,0,0.865265760197775,1.875,4
STU0084,Mechanical,4,7.69,11,"['CSS', 'Git', 'Linux', 'Docker', 'Unity', 'HTML', 'Azure', 'Postman', 'MySQL', 'Selenium', 'Node.js']",5,0,0,9,1,11,5,0.769,9,1.2658227848101264,0.4166666666666667,5
STU0085,Electrical,4,7.4,11,"['Spark', 'Jira', 'MongoDB', 'JavaScript', 'C++', 'Deep Learning', 'GCP', 'Kafka', 'Embedded C', 'Solidity', 'Figma']",4,5,4,5,1,11,14,0.74,13,1.3095238095238095,1.1666666666666667,2
STU0086,Electronics,4,5.35,4,"['Git', 'MongoDB', 'JavaScript', 'Java']",5,1,1,5,0,4,7,0.5349999999999999,7,0.6299212598425197,1.4,3
STU0087,Electronics,4,7.31,4,"['Django', 'FastAPI', 'Swift', 'CSS']",4,4,1,3,0,4,12,0.731,5,0.4813477737665464,2.4,3
STU0088,Electronics,4,8.26,3,"['Machine Learning', 'Selenium', 'CSS']",0,4,3,4,1,3,8,0.826,10,0.32397408207343414,2.0,3
STU0089,Information Science,4,8.49,7,"['Java', 'Embedded C', 'Figma', 'Flutter', 'CSS', 'Postman', 'Python']",4,1,3,2,1,7,6,0.849,8,0.7376185458377239,0.75,4
STU0090,Civil,3,9.73,9,"['AWS', 'Selenium', 'Flutter', 'Machine Learning', 'Kubernetes', 'TypeScript', 'Python', 'Solidity', 'Swift']",7,5,4,5,1,9,17,0.9730000000000001,13,0.8387698042870456,1.7,0
STU0091,Mechanical,3,5.15,9,"['Kubernetes', 'C++', 'Kotlin', 'Figma', 'Solidity', 'NLP', 'Deep Learning', 'Spark', 'Git']",0,4,0,5,0,9,8,0.515,5,1.4634146341463414,0.8,5
STU0092,Information Science,4,9.15,3,"['Power BI', 'Figma', 'React']",3,3,3,6,1,3,9,0.915,12,0.29556650246305416,2.25,4
STU0093,Electrical,4,5.27,5,"['SQL', 'NLP', 'Node.js', 'Spark', 'Power BI']",6,3,0,3,0,5,12,0.5269999999999999,3,0.7974481658692185,2.0,2
STU0094,Mechanical,3,7.9,8,"['Python', 'GCP', 'Unity', 'MongoDB', 'Azure', 'SQL', 'AWS', 'Solidity']",6,2,4,5,1,8,10,0.79,13,0.898876404494382,1.1111111111111112,5
STU0095,Computer Science,4,5.24,8,"['NLP', 'Docker', 'JavaScript', 'Kafka', 'Kubernetes', 'AWS', 'Deep Learning', 'TypeScript']",0,0,4,3,1,8,0,0.524,11,1.282051282051282,0.0,1
STU0096,Information Science,4,5.37,3,"['FastAPI', 'Unity', 'Deep Learning']",1,2,4,1,1,3,5,0.537,9,0.47095761381475665,1.25,4
STU0097,Civil,4,8.06,4,"['MySQL', 'SQL', 'Postman', 'Power BI']",5,1,3,1,0,4,7,0.806,7,0.44150110375275936,1.4,0
STU0098,Computer Science,4,6.39,4,"['Deep Learning', 'React', 'GCP', 'TypeScript']",3,3,3,7,0,4,9,0.639,13,0.5412719891745602,1.8,1
STU0099,Electrical,3,9.14,6,"['Machine Learning', 'Java', 'Azure', 'Tableau', 'TypeScript', 'SQL']",4,5,3,1,1,6,14,0.914,7,0.5917159763313609,2.0,2
STU0100,Civil,4,8.03,3,"['Linux', 'SQL', 'CSS']",7,4,0,4,1,3,15,0.8029999999999999,4,0.33222591362126247,3.75,0
STU0101,Electrical,4,5.88,10,"['Linux', 'Power BI', 'Java', 'Swift', 'AWS', 'Git', 'Node.js', 'SQL', 'Postman', 'Deep Learning']",1,0,4,2,0,10,1,0.588,10,1.4534883720930232,0.09090909090909091,2
STU0102,Computer Science,3,9.46,10,"['Spark', 'Python', 'HTML', 'MySQL', 'Machine Learning', 'FastAPI', 'React', 'GCP', 'Selenium', 'JavaScript']",5,2,1,0,1,10,9,0.9460000000000001,2,0.9560229445506692,0.8181818181818182,1
STU0103,Information Science,4,9.17,4,"['Machine Learning', 'Swift', 'Java', 'Kafka']",1,3,2,0,1,4,7,0.917,4,0.39331366764995085,1.4,4
STU0104,Mechanical,3,6.25,5,"['Java', 'Jira', 'FastAPI', 'React', 'Flutter']",5,4,4,2,1,5,13,0.625,10,0.6896551724137931,2.1666666666666665,5
STU0105,Electronics,3,5.08,4,"['Embedded C', 'Tableau', 'AWS', 'Selenium']",6,5,1,0,1,4,16,0.508,2,0.6578947368421053,3.2,3
STU0106,Electronics,3,8.24,5,"['NLP', 'JavaScript', 'Azure', 'React', 'Django']",6,5,1,7,1,5,16,0.8240000000000001,9,0.5411255411255411,2.6666666666666665,3
STU0107,Information Science,4,9.23,7,"['MySQL', 'FastAPI', 'Java', 'HTML', 'React', 'C++', 'NLP']",1,4,0,5,1,7,9,0.923,5,0.6842619745845552,1.125,4
STU0108,Information Science,3,6.47,10,"['CSS', 'Git', 'Java', 'Deep Learning', 'MySQL', 'Embedded C', 'Tableau', 'Power BI', 'Swift', 'SQL']",5,2,1,1,0,10,9,0.647,3,1.3386880856760375,0.8181818181818182,4
STU0109,Information Science,4,7.7,6,"['MySQL', 'Power BI', 'Git', 'Tableau', 'React', 'Java']",7,5,4,5,1,6,17,0.77,13,0.6896551724137931,2.4285714285714284,4
STU0110,Computer Science,4,7.69,10,"['CSS', 'Solidity', 'Machine Learning', 'Linux', 'Swift', 'HTML', 'C++', 'Kotlin', 'SQL', 'Selenium']",5,2,3,6,1,10,9,0.769,12,1.150747986191024,0.8181818181818182,1
STU0111,Computer Science,3,5.42,4,"['React', 'Django', 'Unity', 'Figma']",0,2,4,4,0,4,4,0.542,12,0.6230529595015576,0.8,1
STU0112,Electrical,3,8.4,7,"['C++', 'Unity', 'Node.js', 'Solidity', 'Flutter', 'Deep Learning', 'GCP']",1,4,2,4,1,7,9,0.8400000000000001,8,0.7446808510638298,1.125,2
STU0113,Civil,4,5.27,9,"['HTML', 'JavaScript', 'Kafka', 'Swift', 'NLP', 'SQL', 'CSS', 'Embedded C', 'Power BI']",6,2,0,0,0,9,10,0.5269999999999999,0,1.4354066985645935,1.0,0
STU0114,Computer Science,4,5.38,10,"['GCP', 'Linux', 'Figma', 'Unity', 'C++', 'Selenium', 'Kotlin', 'Deep Learning', 'React', 'Python']",2,3,0,9,0,10,8,0.538,9,1.567398119122257,0.7272727272727273,1
STU0115,Computer Science,4,9.3,10,"['Unity', 'Jira', 'JavaScript', 'Tableau', 'CSS', 'Kotlin', 'Spark', 'Azure', 'MySQL', 'Selenium']",6,3,0,5,1,10,12,0.93,5,0.9708737864077669,1.0909090909090908,1
STU0116,Civil,4,5.05,5,"['TypeScript', 'NLP', 'Python', 'Node.js', 'Git']",6,2,4,4,0,5,10,0.505,12,0.8264462809917356,1.6666666666666667,0
STU0117,Civil,3,5.37,10,"['Docker', 'SQL', 'C++', 'Node.js', 'FastAPI', 'AWS', 'Kubernetes', 'Solidity', 'MySQL', 'Kafka']",2,4,0,0,0,10,10,0.537,0,1.5698587127158556,0.9090909090909091,0
STU0118,Mechanical,4,8.11,3,"['Unity', 'Git', 'Node.js']",3,3,2,9,1,3,9,0.8109999999999999,13,0.32930845225027444,2.25,5
STU0119,Civil,4,6.94,3,"['Jira', 'Solidity', 'Linux']",1,5,1,1,0,3,11,0.6940000000000001,3,0.3778337531486146,2.75,0
STU0120,Mechanical,3,6.83,4,"['MongoDB', 'NLP', 'Deep Learning', 'Java']",6,2,4,9,0,4,10,0.683,17,0.5108556832694764,2.0,5
STU0121,Information Science,4,9.45,3,"['Deep Learning', 'JavaScript', 'TypeScript']",2,2,0,2,1,3,6,0.945,2,0.28708133971291866,1.5,4
STU0122,Civil,4,7.33,8,"['Tableau', 'C++', 'Embedded C', 'Python', 'Kubernetes', 'React', 'Selenium', 'MongoDB']",6,5,3,2,1,8,16,0.733,8,0.9603841536614646,1.7777777777777777,0
STU0123,Civil,4,7.57,7,"['Unity', 'Kafka', 'AWS', 'TypeScript', 'Deep Learning', 'FastAPI', 'Node.js']",5,1,3,1,1,7,7,0.757,7,0.8168028004667445,0.875,0
STU0124,Information Science,3,8.8,9,"['CSS', 'Spark', 'Selenium', 'Deep Learning', 'TypeScript', 'NLP', 'C++', 'React', 'Django']",1,3,3,2,1,9,7,0.8800000000000001,8,0.9183673469387754,0.7,4
STU0125,Information Science,4,5.13,4,"['Tableau', 'Figma', 'Unity', 'AWS']",1,0,1,3,0,4,1,0.513,5,0.6525285481239804,0.2,4
STU0126,Electronics,3,8.25,6,"['C++', 'Docker', 'Python', 'Kotlin', 'React', 'Kafka']",3,3,1,5,1,6,9,0.825,7,0.6486486486486487,1.2857142857142858,3
STU0127,Computer Science,4,5.44,7,"['Jira', 'Kafka', 'Kubernetes', 'Git', 'Flutter', 'Node.js', 'C++']",7,4,2,3,0,7,15,0.544,7,1.0869565217391304,1.875,1
STU0128,Computer Science,4,7.78,11,"['Power BI', 'Jira', 'MySQL', 'React', 'Selenium', 'Kubernetes', 'Git', 'Embedded C', 'CSS', 'SQL', 'Spark']",3,3,4,3,1,11,9,0.778,11,1.2528473804100226,0.75,1
STU0129,Electronics,4,5.74,5,"['Docker', 'HTML', 'Python', 'Unity', 'Solidity']",2,2,3,5,1,5,6,0.5740000000000001,11,0.7418397626112759,1.0,3
STU0130,Electrical,4,5.29,6,"['Git', 'TypeScript', 'Azure', 'Django', 'Python', 'C++']",3,0,2,3,0,6,3,0.529,7,0.9538950715421304,0.42857142857142855,2
STU0131,Information Science,3,8.85,5,"['AWS', 'Solidity', 'TypeScript', 'C++', 'HTML']",1,3,2,8,1,5,7,0.885,12,0.5076142131979695,1.1666666666666667,4
STU0132,Mechanical,3,5.41,5,"['Azure', 'GCP', 'Node.js', 'Django', 'AWS']",6,4,0,4,0,5,14,0.541,4,0.7800312012480499,2.3333333333333335,5
STU0133,Electronics,4,7.61,8,"['Postman', 'Git', 'NLP', 'Power BI', 'Django', 'Embedded C', 'HTML', 'TypeScript']",1,4,2,2,1,8,9,0.761,6,0.9291521486643438,1.0,3
STU0134,Mechanical,4,9.54,5,"['Kubernetes', 'Machine Learning', 'Tableau', 'Swift', 'FastAPI']",5,0,0,1,1,5,5,0.954,1,0.4743833017077799,0.8333333333333334,5
STU0135,Mechanical,3,8.83,11,"['Swift', 'Docker', 'Kafka', 'Kotlin', 'Unity', 'GCP', 'Tableau', 'Embedded C', 'JavaScript', 'Deep Learning', 'Figma']",1,1,4,1,1,11,3,0.883,9,1.1190233977619533,0.25,5
STU0136,Computer Science,4,5.76,4,"['Flutter', 'MySQL', 'Power BI', 'Linux']",6,5,4,9,1,4,16,0.576,17,0.591715976331361,3.2,1
STU0137,Mechanical,4,7.11,8,"['MongoDB', 'C++', 'GCP', 'AWS', 'Linux', 'Swift', 'Selenium', 'Docker']",3,4,4,0,1,8,11,0.7110000000000001,8,0.9864364981504317,1.2222222222222223,5
STU0138,Civil,4,5.87,11,"['HTML', 'Node.js', 'Kotlin', 'Spark', 'Embedded C', 'GCP', 'Solidity', 'JavaScript', 'MongoDB', 'Azure', 'React']",1,3,1,1,0,11,7,0.587,3,1.6011644832605532,0.5833333333333334,0
STU0139,Mechanical,4,6.06,8,"['Deep Learning', 'JavaScript', 'MongoDB', 'Flutter', 'Python', 'CSS', 'Git', 'Swift']",4,1,4,3,0,8,6,0.606,11,1.13314447592068,0.6666666666666666,5
STU0140,Electronics,4,5.95,10,"['Python', 'Machine Learning', 'GCP', 'Figma', 'Embedded C', 'Swift', 'Selenium', 'TypeScript', 'SQL', 'Azure']",7,0,3,8,0,10,7,0.595,14,1.4388489208633093,0.6363636363636364,3
STU0141,Civil,3,6.17,3,"['Deep Learning', 'Unity', 'C++']",5,1,3,2,0,3,7,0.617,8,0.41841004184100417,1.75,0
STU0142,Electrical,4,7.29,7,"['MySQL', 'Docker', 'Django', 'Spark', 'AWS', 'Flutter', 'Java']",7,4,2,3,1,7,15,0.729,7,0.8443908323281062,1.875,2
STU0143,Civil,4,6.9,3,"['Postman', 'Figma', 'Selenium']",1,0,4,8,0,3,1,0.6900000000000001,16,0.37974683544303794,0.25,0
STU0144,Mechanical,4,8.52,7,"['AWS', 'Azure', 'Python', 'C++', 'Deep Learning', 'Kotlin', 'Machine Learning']",0,1,0,0,1,7,2,0.852,0,0.7352941176470589,0.25,5
STU0145,Electronics,3,6.34,4,"['AWS', 'Deep Learning', 'Unity', 'Git']",1,0,3,0,1,4,1,0.634,6,0.5449591280653951,0.2,3
STU0146,Civil,3,6.57,11,"['NLP', 'Jira', 'HTML', 'SQL', 'Selenium', 'MySQL', 'Figma', 'Kubernetes', 'Kafka', 'Power BI', 'Postman']",1,2,1,0,1,11,5,0.657,2,1.453104359313078,0.4166666666666667,0
STU0147,Information Science,3,6.97,3,"['Jira', 'Linux', 'CSS']",0,5,4,9,0,3,10,0.697,17,0.3764115432873275,2.5,4
STU0148,Information Science,3,9.44,3,"['Machine Learning', 'FastAPI', 'Linux']",0,0,4,3,0,3,0,0.944,11,0.2873563218390805,0.0,4
STU0149,Computer Science,3,6.86,4,"['Flutter', 'Machine Learning', 'TypeScript', 'Linux']",4,5,0,0,0,4,14,0.686,0,0.5089058524173028,2.8,1
STU0150,Mechanical,4,7.4,11,"['Jira', 'CSS', 'Selenium', 'MongoDB', 'Linux', 'C++', 'JavaScript', 'AWS', 'Embedded C', 'Deep Learning', 'Git']",3,4,2,9,1,11,11,0.74,13,1.3095238095238095,0.9166666666666666,5
STU0151,Computer Science,4,7.31,3,"['Node.js', 'Azure', 'Figma']",6,0,2,9,0,3,6,0.731,13,0.3610108303249098,1.5,1
STU0152,Civil,4,9.68,6,"['Tableau', 'Kubernetes', 'Linux', 'HTML', 'MongoDB', 'CSS']",7,2,1,5,1,6,11,0.968,7,0.5617977528089888,1.5714285714285714,0
STU0153,Electrical,4,6.47,8,"['Figma', 'Flutter', 'Kafka', 'SQL', 'Java', 'AWS', 'Kotlin', 'Docker']",6,5,1,5,0,8,16,0.647,7,1.07095046854083,1.7777777777777777,2
STU0154,Mechanical,4,8.86,3,"['GCP', 'Django', 'JavaScript']",7,3,4,9,1,3,13,0.8859999999999999,17,0.30425963488843816,3.25,5
STU0155,Electrical,4,8.6,8,"['AWS', 'SQL', 'Java', 'Azure', 'Unity', 'Tableau', 'Postman', 'Machine Learning']",3,3,1,9,1,8,9,0.86,11,0.8333333333333334,1.0,2
STU0156,Electronics,4,7.48,11,"['React', 'CSS', 'GCP', 'Figma', 'MongoDB', 'Selenium', 'FastAPI', 'SQL', 'Jira', 'Node.js', 'Tableau']",4,0,3,9,1,11,4,0.748,15,1.2971698113207546,0.3333333333333333,3
STU0157,Civil,4,7.58,5,"['Docker', 'AWS', 'Power BI', 'Spark', 'React']",2,1,3,8,1,5,4,0.758,14,0.5827505827505828,0.6666666666666666,0
STU0158,Mechanical,4,7.43,10,"['C++', 'Spark', 'Unity', 'Flutter', 'Node.js', 'Java', 'Power BI', 'Kafka', 'React', 'Swift']",4,5,3,5,1,10,14,0.743,11,1.1862396204033214,1.2727272727272727,5
STU0159,Electrical,4,8.56,7,"['GCP', 'Django', 'Spark', 'Kubernetes', 'Unity', 'C++', 'Flutter']",5,0,1,8,1,7,5,0.8560000000000001,10,0.7322175732217573,0.625,2
STU0160,Electrical,4,9.37,11,"['Unity', 'Django', 'Postman', 'Power BI', 'Flutter', 'Git', 'Tableau', 'Figma', 'TypeScript', 'Jira', 'Java']",3,1,0,3,1,11,5,0.9369999999999999,3,1.0607521697203472,0.4166666666666667,2
STU0161,Information Science,4,5.36,6,"['CSS', 'Embedded C', 'Python', 'JavaScript', 'TypeScript', 'Git']",2,1,1,4,0,6,4,0.536,6,0.9433962264150942,0.5714285714285714,4
STU0162,Electrical,3,7.34,9,"['Postman', 'Git', 'C++', 'MongoDB', 'Spark', 'Unity', 'FastAPI', 'GCP', 'Django']",3,5,3,3,1,9,13,0.734,9,1.079136690647482,1.3,2
STU0163,Computer Science,3,8.26,7,"['SQL', 'Power BI', 'Machine Learning', 'Docker', 'Tableau', 'Azure', 'Kotlin']",5,1,1,3,1,7,7,0.826,5,0.755939524838013,0.875,1
STU0164,Civil,4,5.16,4,"['Machine Learning', 'Linux', 'Embedded C', 'Unity']",3,4,2,5,1,4,11,0.516,9,0.6493506493506493,2.2,0
STU0165,Mechanical,3,6.55,3,"['Kafka', 'Linux', 'Django']",3,3,1,5,0,3,9,0.655,7,0.3973509933774835,2.25,5
STU0166,Electronics,4,6.34,9,"['Machine Learning', 'AWS', 'MySQL', 'Selenium', 'TypeScript', 'Spark', 'Linux', 'Docker', 'GCP']",1,3,1,4,0,9,7,0.634,6,1.226158038147139,0.7,3
STU0167,Computer Science,3,8.58,8,"['Swift', 'Solidity', 'Kotlin', 'Python', 'AWS', 'Spark', 'Flutter', 'Azure']",4,2,0,3,1,8,8,0.858,3,0.8350730688935282,0.8888888888888888,1
STU0168,Electronics,4,7.73,11,"['SQL', 'GCP', 'MySQL', 'AWS', 'Unity', 'Spark', 'Flutter', 'Docker', 'Tableau', 'CSS', 'Embedded C']",1,3,1,2,1,11,7,0.773,4,1.2600229095074456,0.5833333333333334,3
STU0169,Electrical,4,6.4,4,"['C++', 'FastAPI', 'Kubernetes', 'Selenium']",1,1,2,1,0,4,3,0.64,5,0.5405405405405405,0.6,2
STU0170,Electrical,4,9.79,4,"['Kubernetes', 'Python', 'Flutter', 'TypeScript']",2,2,0,4,1,4,6,0.9789999999999999,4,0.37071362372567196,1.2,2
STU0171,Mechanical,3,6.71,6,"['Postman', 'Solidity', 'GCP', 'Kotlin', 'TypeScript', 'AWS']",4,4,4,9,1,6,12,0.671,17,0.7782101167315175,1.7142857142857142,5
STU0172,Mechanical,3,7.8,7,"['Deep Learning', 'Node.js', 'React', 'Kubernetes', 'Docker', 'Swift', 'Kotlin']",5,1,1,5,1,7,7,0.78,7,0.7954545454545454,0.875,5
STU0173,Electrical,4,5.88,8,"['Solidity', 'Unity', 'Deep Learning', 'Power BI', 'Figma', 'C++', 'Kubernetes', 'Kotlin']",5,4,2,5,0,8,13,0.588,9,1.1627906976744187,1.4444444444444444,2
STU0174,Electronics,4,5.75,4,"['JavaScript', 'HTML', 'Kafka', 'CSS']",0,1,2,0,1,4,2,0.575,4,0.5925925925925926,0.4,3
STU0175,Mechanical,3,5.68,7,"['FastAPI', 'Figma', 'Linux', 'Spark', 'MySQL', 'Git', 'AWS']",5,2,4,3,1,7,9,0.568,11,1.0479041916167666,1.125,5
STU0176,Electrical,4,8.75,6,"['Spark', 'Unity', 'CSS', 'TypeScript', 'Django', 'NLP']",4,1,3,6,1,6,6,0.875,12,0.6153846153846154,0.8571428571428571,2
STU0177,Electrical,4,6.29,5,"['Spark', 'MongoDB', 'Postman', 'Machine Learning', 'Jira']",1,0,0,5,0,5,1,0.629,5,0.6858710562414266,0.16666666666666666,2
STU0178,Electronics,4,9.05,6,"['Azure', 'Postman', 'Spark', 'Solidity', 'Machine Learning', 'Figma']",1,1,3,9,1,6,3,0.905,15,0.5970149253731343,0.42857142857142855,3
STU0179,Computer Science,4,7.99,4,"['Git', 'Kubernetes', 'Python', 'React']",1,0,0,2,1,4,1,0.799,2,0.44493882091212456,0.2,1
STU0180,Computer Science,4,5.25,10,"['Java', 'Docker', 'C++', 'Machine Learning', 'SQL', 'Jira', 'Kafka', 'CSS', 'AWS', 'MySQL']",1,1,4,9,0,10,3,0.525,17,1.6,0.2727272727272727,1
STU0181,Electrical,4,6.95,3,"['SQL', 'NLP', 'GCP']",4,1,2,9,0,3,6,0.6950000000000001,13,0.3773584905660377,1.5,2
STU0182,Information Science,4,9.22,10,"['FastAPI', 'Linux', 'MongoDB', 'Kotlin', 'MySQL', 'Kafka', 'AWS', 'Docker', 'Azure', 'Node.js']",7,2,1,7,1,10,11,0.922,9,0.9784735812133072,1.0,4
STU0183,Electrical,4,5.88,5,"['Swift', 'Git', 'Docker', 'GCP', 'HTML']",2,0,1,7,1,5,2,0.588,9,0.7267441860465116,0.3333333333333333,2
STU0184,Electronics,4,7.81,5,"['TypeScript', 'Docker', 'Git', 'Node.js', 'Azure']",6,4,0,5,1,5,14,0.7809999999999999,5,0.5675368898978435,2.3333333333333335,3
STU0185,Information Science,4,6.85,6,"['C++', 'CSS', 'Docker', 'Django', 'Swift', 'Kafka']",3,1,4,6,0,6,5,0.6849999999999999,14,0.7643312101910829,0.7142857142857143,4
STU0186,Electronics,4,8.71,9,"['FastAPI', 'Postman', 'Kafka', 'Solidity', 'SQL', 'GCP', 'HTML', 'Node.js', 'Deep Learning']",2,2,1,0,1,9,6,0.8710000000000001,2,0.9268795056642636,0.6,3
STU0187,Electrical,4,6.28,10,"['SQL', 'TypeScript', 'Git', 'Kubernetes', 'Power BI', 'Azure', 'Figma', 'Machine Learning', 'Kotlin', 'Kafka']",5,3,1,7,1,10,11,0.628,9,1.3736263736263736,1.0,2
STU0188,Civil,3,8.85,6,"['CSS', 'Python', 'Swift', 'Kafka', 'Jira', 'Power BI']",2,3,1,7,1,6,8,0.885,9,0.6091370558375635,1.1428571428571428,0
STU0189,Information Science,4,5.26,4,"['Kotlin', 'Selenium', 'MongoDB', 'Python']",2,1,2,3,0,4,4,0.526,7,0.6389776357827476,0.8,4
STU0190,Mechanical,3,5.43,9,"['Unity', 'Node.js', 'Jira', 'C++', 'GCP', 'MongoDB', 'Tableau', 'SQL', 'NLP']",4,1,3,1,0,9,6,0.5429999999999999,7,1.3996889580093312,0.6,5
STU0191,Information Science,4,9.42,8,"['GCP', 'Python', 'NLP', 'Machine Learning', 'Power BI', 'FastAPI', 'MySQL', 'Docker']",5,1,1,2,1,8,7,0.942,4,0.7677543186180422,0.7777777777777778,4
STU0192,Civil,4,7.17,5,"['Tableau', 'JavaScript', 'Linux', 'MongoDB', 'NLP']",1,1,3,6,1,5,3,0.717,12,0.6119951040391677,0.5,0
STU0193,Civil,3,7.89,3,"['Machine Learning', 'SQL', 'GCP']",6,0,0,3,1,3,6,0.7889999999999999,3,0.3374578177727784,1.5,0
STU0194,Mechanical,4,5.81,3,"['GCP', 'MongoDB', 'Solidity']",7,5,3,7,0,3,17,0.581,13,0.4405286343612335,4.25,5
STU0195,Computer Science,3,5.79,9,"['CSS', 'Jira', 'C++', 'Solidity', 'Tableau', 'Azure', 'HTML', 'Docker', 'Unity']",6,0,3,9,0,9,6,0.579,15,1.3254786450662739,0.6,1
STU0196,Mechanical,3,9.27,11,"['GCP', 'SQL', 'React', 'Java', 'Kafka', 'Spark', 'FastAPI', 'Django', 'Jira', 'MongoDB', 'Solidity']",7,5,4,8,1,11,17,0.9269999999999999,16,1.071080817916261,1.4166666666666667,5
STU0197,Electrical,4,8.43,9,"['Git', 'AWS', 'Figma', 'Solidity', 'FastAPI', 'Django', 'Python', 'Power BI', 'NLP']",7,2,3,2,1,9,11,0.843,8,0.9544008483563097,1.1,2
STU0198,Electrical,4,7.63,4,"['HTML', 'Azure', 'React', 'Postman']",6,1,3,4,0,4,8,0.763,10,0.46349942062572425,1.6,2
STU0199,Mechanical,4,9.72,10,"['MongoDB', 'Power BI', 'Kafka', 'Django', 'Tableau', 'Solidity', 'Java', 'MySQL', 'Swift', 'React']",7,2,0,2,1,10,11,0.9720000000000001,2,0.9328358208955223,1.0,5
STU0200,Electronics,4,9.45,11,"['Linux', 'MySQL', 'React', 'AWS', 'Spark', 'Node.js', 'Kubernetes', 'TypeScript', 'CSS', 'Docker', 'C++']",4,1,0,6,1,11,6,0.945,6,1.0526315789473686,0.5,3
STU0201,Civil,4,8.25,9,"['Docker', 'FastAPI', 'TypeScript', 'Kotlin', 'Linux', 'Deep Learning', 'Azure', 'GCP', 'Swift']",3,3,3,4,1,9,9,0.825,10,0.972972972972973,0.9,0
STU0202,Computer Science,4,9.36,9,"['Deep Learning', 'SQL', 'CSS', 'Kafka', 'Tableau', 'MongoDB', 'JavaScript', 'Django', 'Figma']",3,3,3,0,1,9,9,0.9359999999999999,6,0.8687258687258688,0.9,1
STU0203,Civil,4,6.66,9,"['Git', 'JavaScript', 'Swift', 'Unity', 'GCP', 'Embedded C', 'MySQL', 'Java', 'AWS']",1,2,3,3,0,9,5,0.666,9,1.1749347258485638,0.5,0
STU0204,Civil,4,7.75,10,"['HTML', 'Flutter', 'Git', 'Python', 'MongoDB', 'Django', 'Postman', 'Swift', 'AWS', 'Deep Learning']",0,2,1,4,1,10,4,0.775,6,1.1428571428571428,0.36363636363636365,0
STU0205,Electrical,3,8.83,8,"['Node.js', 'TypeScript', 'React', 'Swift', 'Deep Learning', 'Unity', 'MySQL', 'JavaScript']",1,5,3,9,1,8,11,0.883,15,0.8138351983723296,1.2222222222222223,2
STU0206,Electrical,4,5.36,5,"['Postman', 'Flutter', 'Jira', 'Django', 'HTML']",2,5,4,0,0,5,12,0.536,8,0.7861635220125786,2.0,2
STU0207,Computer Science,3,5.01,3,"['TypeScript', 'CSS', 'Postman']",0,2,0,5,0,3,4,0.501,5,0.49916805324459235,1.0,1
STU0208,Civil,4,9.2,3,"['Django', 'React', 'Docker']",0,1,3,0,0,3,2,0.9199999999999999,6,0.29411764705882354,0.5,0
STU0209,Electrical,4,5.63,6,"['Kubernetes', 'Deep Learning', 'MongoDB', 'SQL', 'Git', 'Spark']",3,3,1,8,0,6,9,0.563,10,0.9049773755656109,1.2857142857142858,2
STU0210,Civil,4,5.41,4,"['JavaScript', 'Docker', 'Git', 'Django']",0,5,2,9,0,4,10,0.541,13,0.62402496099844,2.0,0
STU0211,Information Science,4,8.38,6,"['Selenium', 'Swift', 'Linux', 'Unity', 'Power BI', 'Python']",4,0,0,8,1,6,4,0.8380000000000001,8,0.6396588486140724,0.5714285714285714,4
STU0212,Electrical,3,5.33,5,"['JavaScript', 'HTML', 'Selenium', 'MongoDB', 'FastAPI']",7,2,3,2,0,5,11,0.533,8,0.7898894154818326,1.8333333333333333,2
STU0213,Computer Science,4,9.23,10,"['AWS', 'Git', 'TypeScript', 'C++', 'Tableau', 'Django', 'Spark', 'Python', 'Flutter', 'MongoDB']",5,4,2,1,1,10,13,0.923,5,0.9775171065493645,1.1818181818181819,1
STU0214,Computer Science,4,8.46,10,"['Selenium', 'HTML', 'FastAPI', 'Java', 'Figma', 'Spark', 'Unity', 'Jira', 'Postman', 'Embedded C']",0,5,0,1,1,10,10,0.8460000000000001,1,1.0570824524312896,0.9090909090909091,1
STU0215,Electronics,4,8.87,9,"['Java', 'Deep Learning', 'Solidity', 'Spark', 'MySQL', 'Unity', 'Selenium', 'Postman', 'Git']",6,1,1,6,1,9,8,0.8869999999999999,8,0.9118541033434652,0.8,3
STU0216,Mechanical,4,8.1,11,"['Tableau', 'C++', 'Kotlin', 'CSS', 'Kafka', 'Linux', 'Flutter', 'JavaScript', 'HTML', 'Java', 'FastAPI']",5,1,0,2,1,11,7,0.8099999999999999,2,1.208791208791209,0.5833333333333334,5
STU0217,Mechanical,4,7.42,3,"['Power BI', 'Jira', 'Unity']",0,3,0,0,0,3,6,0.742,0,0.35629453681710216,1.5,5
STU0218,Electronics,4,9.65,4,"['NLP', 'C++', 'Solidity', 'Postman']",3,5,4,6,1,4,13,0.9650000000000001,14,0.3755868544600939,2.6,3
STU0219,Electrical,4,5.64,7,"['Spark', 'Azure', 'C++', 'Jira', 'AWS', 'Flutter', 'Kotlin']",7,3,1,8,1,7,13,0.564,10,1.0542168674698795,1.625,2
STU0220,Information Science,3,8.6,7,"['Swift', 'Python', 'JavaScript', 'Deep Learning', 'SQL', 'C++', 'Docker']",2,1,4,7,1,7,4,0.86,15,0.7291666666666667,0.5,4
STU0221,Information Science,3,7.36,3,"['Swift', 'Deep Learning', 'Tableau']",6,2,3,9,1,3,10,0.736,15,0.35885167464114837,2.5,4
STU0222,Electronics,4,8.93,10,"['Git', 'Power BI', 'GCP', 'Django', 'Solidity', 'Deep Learning', 'Figma', 'C++', 'Kubernetes', 'MySQL']",7,3,1,7,1,10,13,0.893,9,1.0070493454179255,1.1818181818181819,3
STU0223,Electrical,4,6.54,9,"['Django', 'Git', 'Kafka', 'Swift', 'Flutter', 'Java', 'C++', 'JavaScript', 'HTML']",3,1,1,9,1,9,5,0.654,11,1.193633952254642,0.5,2
STU0224,Computer Science,3,5.19,3,"['Solidity', 'Power BI', 'MySQL']",3,1,2,8,0,3,5,0.519,12,0.4846526655896607,1.25,1
STU0225,Electrical,4,6.68,3,"['TypeScript', 'CSS', 'Embedded C']",0,4,2,2,0,3,8,0.6679999999999999,6,0.390625,2.0,2
STU0226,Electronics,4,5.79,5,"['JavaScript', 'Embedded C', 'Linux', 'Jira', 'Solidity']",5,3,4,2,0,5,11,0.579,10,0.7363770250368189,1.8333333333333333,3
STU0227,Mechanical,4,6.6,10,"['Deep Learning', 'NLP', 'Linux', 'TypeScript', 'SQL', 'C++', 'HTML', 'Spark', 'Node.js', 'Kafka']",0,0,1,3,0,10,0,0.6599999999999999,5,1.3157894736842106,0.0,5
STU0228,Information Science,4,5.17,5,"['AWS', 'CSS', 'FastAPI', 'React', 'Kafka']",4,1,1,3,0,5,6,0.517,5,0.8103727714748784,1.0,4
STU0229,Information Science,4,5.18,8,"['Java', 'Node.js', 'TypeScript', 'Embedded C', 'NLP', 'Linux', 'JavaScript', 'Power BI']",7,0,0,3,0,8,7,0.518,3,1.2944983818770228,0.7777777777777778,4
STU0230,Civil,4,6.99,5,"['Kotlin', 'AWS', 'GCP', 'Linux', 'Machine Learning']",5,1,0,0,0,5,7,0.6990000000000001,0,0.6257822277847309,1.1666666666666667,0
STU0231,Civil,3,5.92,10,"['MySQL', 'Power BI', 'Flutter', 'Machine Learning', 'Azure', 'SQL', 'Kafka', 'TypeScript', 'MongoDB', 'CSS']",1,2,3,9,1,10,5,0.592,15,1.4450867052023122,0.45454545454545453,0
STU0232,Electrical,3,9.57,11,"['Embedded C', 'Tableau', 'Unity', 'Java', 'MySQL', 'CSS', 'GCP', 'React', 'Node.js', 'Swift', 'Machine Learning']",7,5,0,9,1,11,17,0.9570000000000001,9,1.0406811731315042,1.4166666666666667,2
STU0233,Electrical,4,8.78,6,"['JavaScript', 'Machine Learning', 'SQL', 'Kafka', 'FastAPI', 'Node.js']",6,0,1,8,1,6,6,0.8779999999999999,10,0.6134969325153374,0.8571428571428571,2
STU0234,Information Science,4,5.21,7,"['Selenium', 'Node.js', 'Unity', 'Azure', 'Linux', 'CSS', 'Power BI']",5,1,4,6,0,7,7,0.521,14,1.1272141706924315,0.875,4
STU0235,Electronics,4,9.01,11,"['Git', 'Unity', 'Node.js', 'C++', 'Postman', 'Embedded C', 'Selenium', 'CSS', 'Kotlin', 'GCP', 'HTML']",4,4,4,7,1,11,12,0.901,15,1.098901098901099,1.0,3
STU0236,Civil,4,9.06,6,"['Java', 'Linux', 'AWS', 'Tableau', 'Solidity', 'Embedded C']",7,3,0,3,1,6,13,0.906,3,0.5964214711729622,1.8571428571428572,0
STU0237,Electronics,3,7.02,7,"['Kafka', 'Machine Learning', 'JavaScript', 'Solidity', 'Deep Learning', 'Postman', 'Kubernetes']",0,2,2,7,0,7,4,0.702,11,0.8728179551122195,0.5,3
STU0238,Information Science,3,7.69,4,"['Machine Learning', 'C++', 'JavaScript', 'Docker']",7,4,2,8,1,4,15,0.769,12,0.4602991944764096,3.0,4
STU0239,Electronics,4,6.88,9,"['Kubernetes', 'Machine Learning', 'Azure', 'Power BI', 'Flutter', 'Selenium', 'Docker', 'Tableau', 'Solidity']",4,3,0,3,0,9,10,0.688,3,1.1421319796954315,1.0,3
STU0240,Electronics,4,8.43,5,"['Spark', 'SQL', 'Kotlin', 'Figma', 'Swift']",5,4,2,2,1,5,13,0.843,6,0.5302226935312832,2.1666666666666665,3
STU0241,Civil,4,6.42,11,"['Kotlin', 'Node.js', 'Kafka', 'Django', 'GCP', 'Kubernetes', 'Deep Learning', 'Selenium', 'Jira', 'JavaScript', 'FastAPI']",2,4,1,9,0,11,10,0.642,11,1.482479784366577,0.8333333333333334,0
STU0242,Electrical,3,7.37,9,"['HTML', 'Jira', 'MongoDB', 'Python', 'FastAPI', 'MySQL', 'Swift', 'Flutter', 'Kafka']",2,2,1,4,1,9,6,0.737,6,1.075268817204301,0.6,2
STU0243,Electrical,3,5.55,11,"['SQL', 'MongoDB', 'Unity', 'Java', 'HTML', 'Power BI', 'AWS', 'Spark', 'JavaScript', 'Solidity', 'Postman']",3,5,0,6,1,11,13,0.5549999999999999,6,1.6793893129770994,1.0833333333333333,2
STU0244,Information Science,4,8.18,5,"['Kafka', 'Figma', 'JavaScript', 'Java', 'MySQL']",1,3,2,6,1,5,7,0.818,10,0.5446623093681917,1.1666666666666667,4
STU0245,Civil,3,6.49,10,"['AWS', 'Tableau', 'Django', 'Node.js', 'Kubernetes', 'TypeScript', 'Docker', 'Spark', 'CSS', 'MongoDB']",7,1,4,2,0,10,9,0.649,10,1.335113484646195,0.8181818181818182,0
STU0246,Electronics,4,7.19,8,"['Postman', 'JavaScript', 'Unity', 'HTML', 'FastAPI', 'CSS', 'Kafka', 'Jira']",4,1,1,6,1,8,6,0.7190000000000001,8,0.9768009768009767,0.6666666666666666,3
STU0247,Mechanical,4,5.61,11,"['React', 'NLP', 'Spark', 'SQL', 'MongoDB', 'Embedded C', 'Tableau', 'Docker', 'HTML', 'Kotlin', 'Django']",0,0,3,0,0,11,0,0.561,6,1.664145234493192,0.0,5
STU0248,Mechanical,4,7.0,8,"['TypeScript', 'CSS', 'C++', 'HTML', 'Flutter', 'AWS', 'Tableau', 'Kubernetes']",5,1,3,5,1,8,7,0.7,11,1.0,0.7777777777777778,5
STU0249,Civil,3,6.16,8,"['Unity', 'React', 'Azure', 'Spark', 'Power BI', 'Kubernetes', 'Django', 'Flutter']",7,5,0,1,1,8,17,0.616,1,1.1173184357541899,1.8888888888888888,0
STU0250,Electrical,4,5.51,11,"['Azure', 'Machine Learning', 'JavaScript', 'FastAPI', 'NLP', 'Unity', 'Spark', 'C++', 'Django', 'TypeScript', 'Swift']",2,3,2,9,1,11,8,0.5509999999999999,13,1.6897081413210446,0.6666666666666666,2
STU0251,Electrical,3,6.59,7,"['Node.js', 'Azure', 'NLP', 'Deep Learning', 'MySQL', 'FastAPI', 'Spark']",6,3,0,1,0,7,12,0.659,1,0.922266139657444,1.5,2
STU0252,Computer Science,3,9.18,8,"['Django', 'Solidity', 'Power BI', 'Azure', 'React', 'Deep Learning', 'Selenium', 'Git']",5,1,4,2,1,8,7,0.9179999999999999,10,0.7858546168958743,0.7777777777777778,1
STU0253,Computer Science,4,5.98,11,"['Python', 'TypeScript', 'Git', 'Node.js', 'Tableau', 'Unity', 'React', 'Embedded C', 'Selenium', 'Machine Learning', 'Deep Learning']",3,0,1,7,0,11,3,0.5980000000000001,9,1.5759312320916905,0.25,1
STU0254,Information Science,4,9.34,7,"['Swift', 'Jira', 'Flutter', 'Spark', 'FastAPI', 'Azure', 'CSS']",1,4,3,4,1,7,9,0.9339999999999999,10,0.6769825918762089,1.125,4
STU0255,Mechanical,4,5.63,6,"['TypeScript', 'Kafka', 'Postman', 'Jira', 'SQL', 'Embedded C']",5,0,4,4,1,6,5,0.563,12,0.9049773755656109,0.7142857142857143,5
STU0256,Computer Science,4,7.26,10,"['Solidity', 'Unity', 'Spark', 'Swift', 'C++', 'Node.js', 'Linux', 'Django', 'React', 'Tableau']",2,0,0,7,1,10,2,0.726,7,1.2106537530266344,0.18181818181818182,1
STU0257,Mechanical,3,7.26,8,"['NLP', 'Figma', 'React', 'HTML', 'Deep Learning', 'Spark', 'Jira', 'CSS']",5,4,2,2,1,8,13,0.726,6,0.9685230024213075,1.4444444444444444,5
STU0258,Civil,4,7.01,6,"['NLP', 'Power BI', 'Java', 'Docker', 'MongoDB', 'Jira']",1,3,2,4,1,6,7,0.701,8,0.7490636704119851,1.0,0
STU0259,Computer Science,4,5.95,3,"['Git', 'CSS', 'Kotlin']",7,0,4,6,0,3,7,0.595,14,0.4316546762589928,1.75,1
STU0260,Mechanical,4,9.31,7,"['C++', 'AWS', 'Node.js', 'Power BI', 'Embedded C', 'Java', 'Tableau']",4,4,2,0,1,7,12,0.931,4,0.678952473326867,1.5,5
STU0261,Mechanical,4,5.75,10,"['TypeScript', 'Tableau', 'Solidity', 'NLP', 'Kotlin', 'Linux', 'Kafka', 'SQL', 'Power BI', 'Java']",5,1,1,7,0,10,7,0.575,9,1.4814814814814814,0.6363636363636364,5
STU0262,Mechanical,4,7.85,7,"['Node.js', 'MongoDB', 'C++', 'React', 'Kotlin', 'Solidity', 'Git']",2,4,0,4,1,7,10,0.7849999999999999,4,0.7909604519774012,1.25,5
STU0263,Mechanical,3,8.72,7,"['NLP', 'Linux', 'Swift', 'Solidity', 'Django', 'Python', 'Figma']",0,4,2,2,1,7,8,0.8720000000000001,6,0.7201646090534979,1.0,5
STU0264,Information Science,3,5.77,6,"['GCP', 'Kubernetes', 'AWS', 'NLP', 'Spark', 'Embedded C']",0,3,2,8,1,6,6,0.577,12,0.8862629246676514,0.8571428571428571,4
STU0265,Information Science,4,8.13,4,"['Swift', 'Kafka', 'JavaScript', 'Docker']",3,2,1,1,1,4,7,0.8130000000000001,3,0.43811610076670315,1.4,4
STU0266,Information Science,4,9.79,6,"['Django', 'Postman', 'HTML', 'Machine Learning', 'React', 'Unity']",2,2,0,5,1,6,6,0.9789999999999999,5,0.5560704355885079,0.8571428571428571,4
STU0267,Computer Science,3,9.0,6,"['MySQL', 'FastAPI', 'Solidity', 'SQL', 'Embedded C', 'GCP']",2,1,2,7,1,6,4,0.9,11,0.6,0.5714285714285714,1
STU0268,Electronics,4,7.42,7,"['Kotlin', 'MongoDB', 'CSS', 'Solidity', 'Power BI', 'C++', 'SQL']",3,3,2,4,1,7,9,0.742,8,0.831353919239905,1.125,3
STU0269,Mechanical,4,6.11,5,"['Solidity', 'Deep Learning', 'Figma', 'Unity', 'Git']",7,5,3,9,1,5,17,0.611,15,0.7032348804500703,2.8333333333333335,5
STU0270,Computer Science,4,8.2,5,"['AWS', 'C++', 'NLP', 'React', 'Kafka']",6,2,3,0,1,5,10,0.82,6,0.5434782608695653,1.6666666666666667,1
STU0271,Electronics,4,9.21,7,"['Tableau', 'Kubernetes', 'Docker', 'Azure', 'React', 'SQL', 'Power BI']",7,3,1,4,1,7,13,0.921,6,0.6856023506366307,1.625,3
STU0272,Civil,4,7.69,11,"['GCP', 'CSS', 'Tableau', 'Python', 'Spark', 'SQL', 'Azure', 'Jira', 'Power BI', 'Java', 'Kafka']",2,2,1,0,1,11,6,0.769,2,1.2658227848101264,0.5,0
STU0273,Electrical,4,8.73,3,"['Node.js', 'Power BI', 'MongoDB']",5,5,1,7,1,3,15,0.873,9,0.3083247687564234,3.75,2
STU0274,Civil,3,6.51,11,"['FastAPI', 'Jira', 'Selenium', 'C++', 'Linux', 'Tableau', 'Python', 'React', 'Node.js', 'MySQL', 'TypeScript']",6,4,2,5,1,11,14,0.651,9,1.4647137150466045,1.1666666666666667,0
STU0275,Information Science,4,6.58,6,"['C++', 'Selenium', 'Deep Learning', 'Power BI', 'Tableau', 'Flutter']",5,4,3,8,0,6,13,0.658,14,0.7915567282321899,1.8571428571428572,4
STU0276,Computer Science,4,5.4,5,"['JavaScript', 'Figma', 'Node.js', 'AWS', 'FastAPI']",0,0,4,5,0,5,0,0.54,13,0.78125,0.0,1
STU0277,Information Science,4,7.35,5,"['Embedded C', 'C++', 'Machine Learning', 'Kotlin', 'MySQL']",4,5,3,3,1,5,14,0.735,9,0.5988023952095809,2.3333333333333335,4
STU0278,Electronics,4,9.48,9,"['Unity', 'Spark', 'Node.js', 'MongoDB', 'SQL', 'Tableau', 'Kotlin', 'Postman', 'Linux']",4,5,4,1,1,9,14,0.9480000000000001,9,0.8587786259541984,1.4,3
STU0279,Electrical,4,8.85,7,"['React', 'Swift', 'Figma', 'Jira', 'Kotlin', 'Deep Learning', 'GCP']",6,2,0,7,1,7,10,0.885,7,0.7106598984771574,1.25,2
STU0280,Mechanical,4,6.95,10,"['Selenium', 'Kubernetes', 'CSS', 'MongoDB', 'C++', 'React', 'Azure', 'Deep Learning', 'MySQL', 'TypeScript']",4,1,1,6,0,10,6,0.6950000000000001,8,1.2578616352201257,0.5454545454545454,5
STU0281,Computer Science,4,5.23,6,"['Django', 'Embedded C', 'Postman', 'Figma', 'GCP', 'Java']",0,0,1,0,0,6,0,0.523,2,0.9630818619582664,0.0,1
STU0282,Electrical,4,7.66,5,"['Docker', 'Machine Learning', 'React', 'Kubernetes', 'Spark']",0,4,2,2,0,5,8,0.766,6,0.5773672055427251,1.3333333333333333,2
STU0283,Electrical,4,7.15,5,"['MySQL', 'JavaScript', 'Kotlin', 'Python', 'AWS']",4,5,4,4,1,5,14,0.7150000000000001,12,0.6134969325153374,2.3333333333333335,2
STU0284,Mechanical,4,6.39,10,"['Spark', 'NLP', 'Python', 'SQL', 'Deep Learning', 'Tableau', 'Kubernetes', 'React', 'JavaScript', 'MySQL']",7,0,3,5,1,10,7,0.639,11,1.3531799729364007,0.6363636363636364,5
STU0285,Mechanical,4,6.69,11,"['React', 'Selenium', 'Kotlin', 'Figma', 'Linux', 'JavaScript', 'Java', 'Flutter', 'Embedded C', 'Git', 'TypeScript']",7,4,2,0,0,11,15,0.669,4,1.4304291287386215,1.25,5
STU0286,Electronics,3,8.24,10,"['Selenium', 'Kotlin', 'MySQL', 'Linux', 'Unity', 'Flutter', 'SQL', 'Deep Learning', 'Node.js', 'Solidity']",4,2,0,8,1,10,8,0.8240000000000001,8,1.0822510822510822,0.7272727272727273,3
STU0287,Electronics,4,9.43,6,"['Jira', 'Linux', 'Unity', 'C++', 'Tableau', 'Spark']",4,3,0,2,1,6,10,0.943,2,0.5752636625119847,1.4285714285714286,3
STU0288,Information Science,4,7.44,9,"['Java', 'AWS', 'Flutter', 'Git', 'FastAPI', 'Azure', 'Jira', 'React', 'CSS']",0,5,0,3,1,9,10,0.744,3,1.0663507109004737,1.0,4
STU0289,Information Science,4,6.82,5,"['Azure', 'Postman', 'Deep Learning', 'C++', 'MongoDB']",3,4,3,8,0,5,11,0.682,14,0.639386189258312,1.8333333333333333,4
STU0290,Information Science,3,8.91,6,"['Machine Learning', 'NLP', 'Java', 'Deep Learning', 'AWS', 'Power BI']",7,2,0,8,1,6,11,0.891,8,0.6054490413723511,1.5714285714285714,4
STU0291,Electrical,4,7.23,5,"['Deep Learning', 'Jira', 'Tableau', 'Python', 'Figma']",6,5,1,0,1,5,16,0.7230000000000001,2,0.6075334143377885,2.6666666666666665,2
STU0292,Mechanical,4,7.89,4,"['Embedded C', 'Spark', 'Selenium', 'Kubernetes']",7,2,4,2,0,4,11,0.7889999999999999,10,0.44994375703037115,2.2,5
STU0293,Electrical,3,5.3,4,"['NLP', 'React', 'CSS', 'JavaScript']",6,3,1,1,0,4,12,0.53,3,0.6349206349206349,2.4,2
STU0294,Mechanical,4,5.82,7,"['Deep Learning', 'Docker', 'React', 'AWS', 'Azure', 'Embedded C', 'Machine Learning']",1,4,0,4,1,7,9,0.5820000000000001,4,1.0263929618768328,1.125,5
STU0295,Information Science,4,6.32,9,"['Tableau', 'Deep Learning', 'Linux', 'React', 'Django', 'Java', 'MongoDB', 'Node.js', 'Spark']",4,2,4,9,0,9,8,0.632,17,1.2295081967213115,0.8,4
STU0296,Civil,4,5.19,10,"['SQL', 'Machine Learning', 'React', 'Selenium', 'Solidity', 'Kotlin', 'Power BI', 'Jira', 'Postman', 'NLP']",5,0,1,0,1,10,5,0.519,2,1.615508885298869,0.45454545454545453,0
STU0297,Computer Science,3,6.11,8,"['Tableau', 'Machine Learning', 'React', 'CSS', 'Unity', 'Jira', 'Selenium', 'HTML']",3,2,2,0,1,8,7,0.611,4,1.1251758087201125,0.7777777777777778,1
STU0298,Electrical,4,5.89,6,"['C++', 'Power BI', 'Python', 'Azure', 'MySQL', 'Selenium']",3,3,3,2,1,6,9,0.589,8,0.8708272859216256,1.2857142857142858,2
STU0299,Computer Science,4,9.51,5,"['Jira', 'Swift', 'Figma', 'Machine Learning', 'Linux']",2,0,3,6,1,5,2,0.951,12,0.47573739295908657,0.3333333333333333,1
STU0300,Mechanical,3,7.75,10,"['Jira', 'C++', 'Kafka', 'Selenium', 'Swift', 'Java', 'Azure', 'GCP', 'Node.js', 'FastAPI']",0,3,0,4,0,10,6,0.775,4,1.1428571428571428,0.5454545454545454,5
STU0301,Information Science,4,9.77,11,"['Python', 'MySQL', 'Kotlin', 'CSS', 'Git', 'Java', 'Docker', 'Azure', 'Postman', 'MongoDB', 'Linux']",4,3,2,1,1,11,10,0.977,5,1.021355617455896,0.8333333333333334,4
STU0302,Civil,3,9.14,3,"['TypeScript', 'Machine Learning', 'Kubernetes']",5,4,1,7,1,3,13,0.914,9,0.29585798816568043,3.25,0
STU0303,Civil,4,6.42,7,"['Azure', 'FastAPI', 'Embedded C', 'React', 'SQL', 'Linux', 'Node.js']",4,3,1,1,1,7,10,0.642,3,0.9433962264150944,1.25,0
STU0304,Mechanical,4,7.78,11,"['SQL', 'Azure', 'Kafka', 'Node.js', 'JavaScript', 'Tableau', 'Kubernetes', 'Spark', 'HTML', 'Embedded C', 'Machine Learning']",1,0,0,3,1,11,1,0.778,3,1.2528473804100226,0.08333333333333333,5
STU0305,Electronics,4,8.8,9,"['HTML', 'Selenium', 'Postman', 'Python', 'CSS', 'Embedded C', 'FastAPI', 'Machine Learning', 'TypeScript']",2,4,1,0,1,9,10,0.8800000000000001,2,0.9183673469387754,1.0,3
STU0306,Civil,3,9.35,4,"['Kubernetes', 'Flutter', 'Kotlin', 'Django']",0,0,0,1,0,4,0,0.9349999999999999,1,0.3864734299516908,0.0,0
STU0307,Civil,4,7.84,9,"['Python', 'Jira', 'Django', 'C++', 'JavaScript', 'Kubernetes', 'Tableau', 'Flutter', 'Node.js']",6,1,2,8,1,9,8,0.784,12,1.0180995475113122,0.8,0
STU0308,Information Science,4,7.46,8,"['Spark', 'Flutter', 'Azure', 'MongoDB', 'Kubernetes', 'Node.js', 'Solidity', 'GCP']",3,1,1,5,1,8,5,0.746,7,0.9456264775413711,0.5555555555555556,4
STU0309,Mechanical,4,6.09,7,"['MySQL', 'Spark', 'Deep Learning', 'Node.js', 'FastAPI', 'Selenium', 'Unity']",7,3,3,8,1,7,13,0.609,14,0.9873060648801129,1.625,5
STU0310,Electrical,4,5.05,3,"['HTML', 'Deep Learning', 'Jira']",1,0,2,7,1,3,1,0.505,11,0.49586776859504134,0.25,2
STU0311,Electrical,4,7.19,9,"['Azure', 'Git', 'MySQL', 'Python', 'C++', 'React', 'Embedded C', 'Machine Learning', 'Node.js']",4,1,3,2,1,9,6,0.7190000000000001,8,1.0989010989010988,0.6,2
STU0312,Computer Science,3,5.06,3,"['Linux', 'GCP', 'Postman']",0,0,4,1,0,3,0,0.506,9,0.4950495049504951,0.0,1
STU0313,Computer Science,4,9.17,10,"['Deep Learning', 'Tableau', 'Node.js', 'Unity', 'C++', 'Power BI', 'MongoDB', 'Postman', 'Python', 'SQL']",4,4,1,8,1,10,12,0.917,10,0.9832841691248771,1.0909090909090908,1
STU0314,Mechanical,4,6.13,3,"['C++', 'Figma', 'AWS']",5,5,2,6,0,3,15,0.613,10,0.42075736325385693,3.75,5
STU0315,Mechanical,4,6.52,3,"['Postman', 'Jira', 'Java']",3,5,1,4,1,3,13,0.6519999999999999,6,0.398936170212766,3.25,5
STU0316,Information Science,4,8.84,8,"['Kafka', 'Docker', 'Postman', 'Tableau', 'Selenium', 'MySQL', 'SQL', 'Node.js']",5,5,0,5,1,8,15,0.884,5,0.8130081300813008,1.6666666666666667,4
STU0317,Mechanical,4,6.52,3,"['HTML', 'Postman', 'Machine Learning']",4,5,1,7,0,3,14,0.6519999999999999,9,0.398936170212766,3.5,5
STU0318,Civil,4,5.93,10,"['JavaScript', 'Swift', 'HTML', 'TypeScript', 'Django', 'FastAPI', 'Kotlin', 'Figma', 'Embedded C', 'Kubernetes']",5,4,4,4,1,10,13,0.593,12,1.443001443001443,1.1818181818181819,0
STU0319,Electrical,4,7.01,7,"['C++', 'Kotlin', 'Swift', 'AWS', 'Kafka', 'HTML', 'GCP']",2,5,2,6,1,7,12,0.701,10,0.8739076154806492,1.5,2
STU0320,Electrical,4,9.01,7,"['Tableau', 'Node.js', 'C++', 'MySQL', 'Git', 'Deep Learning', 'Python']",0,1,1,1,0,7,2,0.901,3,0.6993006993006993,0.25,2
STU0321,Mechanical,4,8.01,11,"['Node.js', 'Postman', 'MongoDB', 'Embedded C', 'Flutter', 'Deep Learning', 'Kafka', 'CSS', 'HTML', 'Machine Learning', 'Swift']",1,1,1,2,1,11,3,0.8009999999999999,4,1.2208657047724751,0.25,5
STU0322,Electrical,4,7.56,7,"['Node.js', 'Figma', 'Java', 'Selenium', 'Kubernetes', 'CSS', 'Postman']",5,2,3,4,1,7,9,0.756,10,0.8177570093457945,1.125,2
STU0323,Electronics,4,7.8,5,"['TypeScript', 'AWS', 'Java', 'NLP', 'Django']",6,3,3,6,1,5,12,0.78,12,0.5681818181818181,2.0,3
STU0324,Mechanical,4,6.54,3,"['Flutter', 'C++', 'Deep Learning']",0,4,2,6,0,3,8,0.654,10,0.3978779840848806,2.0,5
STU0325,Information Science,4,7.39,5,"['Deep Learning', 'Swift', 'Embedded C', 'Tableau', 'GCP']",5,1,3,6,1,5,7,0.739,12,0.5959475566150179,1.1666666666666667,4
STU0326,Information Science,3,5.87,8,"['MySQL', 'AWS', 'Git', 'CSS', 'Postman', 'Unity', 'Node.js', 'FastAPI']",6,1,1,9,1,8,8,0.587,11,1.1644832605531295,0.8888888888888888,4
STU0327,Mechanical,4,7.11,7,"['Figma', 'Unity', 'Kafka', 'Kotlin', 'HTML', 'Azure', 'Git']",5,1,0,1,1,7,7,0.7110000000000001,1,0.8631319358816277,0.875,5
STU0328,Civil,4,6.37,4,"['Node.js', 'Azure', 'Git', 'Kafka']",3,3,1,9,0,4,9,0.637,11,0.5427408412483039,1.8,0
STU0329,Computer Science,4,5.07,10,"['Kafka', 'Flutter', 'MySQL', 'Unity', 'Embedded C', 'Solidity', 'CSS', 'C++', 'Deep Learning', 'Azure']",5,1,1,9,1,10,7,0.507,11,1.6474464579901154,0.6363636363636364,1
STU0330,Computer Science,4,6.06,7,"['Tableau', 'Embedded C', 'AWS', 'Machine Learning', 'TypeScript', 'Jira', 'React']",3,2,4,9,0,7,7,0.606,17,0.991501416430595,0.875,1
STU0331,Mechanical,3,5.97,7,"['Docker', 'Linux', 'Spark', 'TypeScript', 'Jira', 'NLP', 'Embedded C']",3,1,1,3,0,7,5,0.597,5,1.0043041606886658,0.625,5
STU0332,Electrical,4,9.27,11,"['Power BI', 'Machine Learning', 'MongoDB', 'NLP', 'FastAPI', 'Linux', 'Kafka', 'Selenium', 'Postman', 'Deep Learning', 'Node.js']",1,5,1,8,1,11,11,0.9269999999999999,10,1.071080817916261,0.9166666666666666,2
STU0333,Mechanical,4,9.62,10,"['MySQL', 'Spark', 'CSS', 'SQL', 'TypeScript', 'Swift', 'C++', 'React', 'Tableau', 'Jira']",4,2,1,2,1,10,8,0.962,4,0.9416195856873824,0.7272727272727273,5
STU0334,Computer Science,4,9.46,6,"['Machine Learning', 'Swift', 'Azure', 'MySQL', 'HTML', 'AWS']",4,2,2,7,1,6,8,0.9460000000000001,11,0.5736137667304014,1.1428571428571428,1
STU0335,Electronics,3,6.17,4,"['Swift', 'Machine Learning', 'Flutter', 'MySQL']",0,2,1,0,1,4,4,0.617,2,0.5578800557880056,0.8,3
STU0336,Electrical,4,5.76,5,"['TypeScript', 'Figma', 'GCP', 'React', 'Kotlin']",3,1,1,3,0,5,5,0.576,5,0.7396449704142012,0.8333333333333334,2
STU0337,Information Science,4,7.61,8,"['Machine Learning', 'Spark', 'Docker', 'AWS', 'Node.js', 'Java', 'Python', 'Linux']",1,2,2,2,1,8,5,0.761,6,0.9291521486643438,0.5555555555555556,4
STU0338,Mechanical,3,6.28,6,"['GCP', 'TypeScript', 'Machine Learning', 'Unity', 'AWS', 'Git']",5,3,3,5,0,6,11,0.628,11,0.8241758241758241,1.5714285714285714,5
STU0339,Mechanical,3,6.72,10,"['Django', 'Tableau', 'MySQL', 'C++', 'React', 'Kotlin', 'Machine Learning', 'Flutter', 'FastAPI', 'Git']",3,2,1,9,0,10,7,0.6719999999999999,11,1.2953367875647668,0.6363636363636364,5
STU0340,Electronics,4,9.2,5,"['Python', 'Embedded C', 'Spark', 'GCP', 'Machine Learning']",5,0,2,2,1,5,5,0.9199999999999999,6,0.4901960784313726,0.8333333333333334,3
STU0341,Information Science,4,6.84,4,"['Kubernetes', 'Selenium', 'MongoDB', 'Django']",4,1,1,9,0,4,6,0.6839999999999999,11,0.5102040816326531,1.2,4
STU0342,Electrical,4,8.0,8,"['Figma', 'Node.js', 'Spark', 'Jira', 'Flutter', 'CSS', 'Docker', 'TypeScript']",1,0,3,9,1,8,1,0.8,15,0.8888888888888888,0.1111111111111111,2
STU0343,Electronics,3,7.91,6,"['Selenium', 'Power BI', 'NLP', 'Node.js', 'Kafka', 'Java']",5,1,4,5,1,6,7,0.791,13,0.6734006734006734,1.0,3
STU0344,Civil,4,6.11,8,"['Figma', 'Git', 'FastAPI', 'SQL', 'Java', 'React', 'HTML', 'AWS']",4,0,3,2,0,8,4,0.611,8,1.1251758087201125,0.4444444444444444,0
STU0345,Electronics,4,7.9,7,"['Java', 'Embedded C', 'AWS', 'Postman', 'Kubernetes', 'C++', 'React']",2,5,1,1,1,7,12,0.79,3,0.7865168539325842,1.5,3
STU0346,Information Science,3,9.74,8,"['Node.js', 'FastAPI', 'HTML', 'Figma', 'Power BI', 'Deep Learning', 'GCP', 'C++']",5,4,4,7,1,8,13,0.974,15,0.74487895716946,1.4444444444444444,4
STU0347,Electronics,4,9.4,11,"['Solidity', 'Node.js', 'Deep Learning', 'MySQL', 'JavaScript', 'GCP', 'TypeScript', 'Kafka', 'Flutter', 'Machine Learning', 'Spark']",1,3,3,3,1,11,7,0.9400000000000001,9,1.0576923076923077,0.5833333333333334,3
STU0348,Information Science,3,9.4,5,"['Linux', 'GCP', 'MySQL', 'MongoDB', 'Flutter']",0,5,2,3,1,5,10,0.9400000000000001,7,0.4807692307692307,1.6666666666666667,4
STU0349,Electrical,3,7.43,4,"['Machine Learning', 'Jira', 'Django', 'Kotlin']",3,1,1,3,0,4,5,0.743,5,0.4744958481613286,1.0,2
STU0350,Civil,4,7.62,3,"['Machine Learning', 'Power BI', 'Embedded C']",1,2,0,7,1,3,5,0.762,7,0.34802784222737815,1.25,0
STU0351,Civil,4,7.08,10,"['Docker', 'FastAPI', 'Jira', 'Machine Learning', 'Flutter', 'MySQL', 'Figma', 'Swift', 'CSS', 'Kafka']",4,1,3,7,1,10,6,0.708,13,1.2376237623762376,0.5454545454545454,0
STU0352,Computer Science,4,9.22,8,"['JavaScript', 'Git', 'MongoDB', 'Kafka', 'Solidity', 'Power BI', 'TypeScript', 'Embedded C']",5,1,0,9,1,8,7,0.922,9,0.7827788649706457,0.7777777777777778,1
STU0353,Mechanical,3,8.1,9,"['AWS', 'Jira', 'Linux', 'Power BI', 'Tableau', 'React', 'Swift', 'Unity', 'Git']",6,3,1,8,1,9,12,0.8099999999999999,10,0.989010989010989,1.2,5
STU0354,Electronics,3,7.38,3,"['Swift', 'Python', 'Unity']",6,4,1,6,1,3,14,0.738,8,0.3579952267303103,3.5,3
STU0355,Electronics,3,6.81,5,"['FastAPI', 'React', 'Deep Learning', 'Git', 'Power BI']",2,0,4,2,0,5,2,0.6809999999999999,10,0.6402048655569783,0.3333333333333333,3
STU0356,Information Science,4,7.31,5,"['Machine Learning', 'C++', 'Azure', 'React', 'Docker']",0,0,2,7,0,5,0,0.731,11,0.601684717208183,0.0,4
STU0357,Electrical,3,6.75,4,"['Tableau', 'Solidity', 'HTML', 'TypeScript']",4,1,1,9,0,4,6,0.675,11,0.5161290322580645,1.2,2
STU0358,Computer Science,3,7.58,11,"['HTML', 'Postman', 'Kafka', 'Embedded C', 'CSS', 'Unity', 'Python', 'Power BI', 'TypeScript', 'NLP', 'SQL']",1,2,0,0,1,11,5,0.758,0,1.282051282051282,0.4166666666666667,1
STU0359,Computer Science,4,5.03,4,"['Azure', 'Git', 'HTML', 'Flutter']",1,0,3,3,1,4,1,0.503,9,0.6633499170812603,0.2,1
STU0360,Mechanical,4,7.7,3,"['FastAPI', 'Python', 'Spark']",3,3,3,8,0,3,9,0.77,14,0.3448275862068966,2.25,5
STU0361,Information Science,3,7.06,11,"['MySQL', 'Selenium', 'Solidity', 'Django', 'React', 'Embedded C', 'HTML', 'Swift', 'Unity', 'MongoDB', 'GCP']",2,3,4,4,1,11,8,0.706,12,1.3647642679900747,0.6666666666666666,4
STU0362,Computer Science,4,5.58,9,"['Unity', 'Linux', 'Machine Learning', 'Deep Learning', 'Java', 'Swift', 'Flutter', 'Selenium', 'GCP']",7,5,3,5,0,9,17,0.558,11,1.3677811550151975,1.7,1
STU0363,Information Science,4,9.08,11,"['CSS', 'Kubernetes', 'Spark', 'Postman', 'JavaScript', 'Power BI', 'Flutter', 'Machine Learning', 'React', 'Node.js', 'Unity']",0,0,3,3,0,11,0,0.908,9,1.0912698412698412,0.0,4
STU0364,Mechanical,3,9.24,7,"['Jira', 'Java', 'AWS', 'Python', 'Kubernetes', 'Linux', 'Power BI']",5,1,1,4,1,7,7,0.924,6,0.68359375,0.875,5
STU0365,Information Science,4,6.6,8,"['Java', 'React', 'MongoDB', 'Linux', 'Kafka', 'Machine Learning', 'Kotlin', 'MySQL']",4,5,3,7,1,8,14,0.6599999999999999,13,1.0526315789473684,1.5555555555555556,4
STU0366,Civil,4,6.32,5,"['JavaScript', 'Kubernetes', 'TypeScript', 'Kotlin', 'Linux']",4,3,2,7,0,5,10,0.632,11,0.6830601092896175,1.6666666666666667,0
STU0367,Electronics,3,8.94,8,"['Deep Learning', 'AWS', 'Kotlin', 'Django', 'Git', 'Selenium', 'Docker', 'Power BI']",1,1,0,0,1,8,3,0.8939999999999999,0,0.8048289738430584,0.3333333333333333,3
STU0368,Information Science,4,5.46,9,"['Kotlin', 'SQL', 'Node.js', 'React', 'FastAPI', 'NLP', 'Git', 'TypeScript', 'Docker']",3,0,2,8,0,9,3,0.546,12,1.3931888544891642,0.3,4
STU0369,Computer Science,3,7.12,6,"['TypeScript', 'Node.js', 'NLP', 'Solidity', 'Linux', 'SQL']",4,5,1,0,1,6,14,0.712,2,0.7389162561576353,2.0,1
STU0370,Electrical,4,7.1,4,"['TypeScript', 'Kotlin', 'Deep Learning', 'JavaScript']",1,0,3,5,1,4,1,0.71,11,0.4938271604938272,0.2,2
STU0371,Civil,3,8.22,11,"['Deep Learning', 'Spark', 'Flutter', 'Azure', 'Unity', 'React', 'Kotlin', 'GCP', 'Power BI', 'Docker', 'NLP']",4,4,0,2,1,11,12,0.8220000000000001,2,1.193058568329718,1.0,0
STU0372,Computer Science,3,6.67,3,"['Kotlin', 'Flutter', 'Jira']",7,0,1,2,0,3,7,0.667,4,0.39113428943937417,1.75,1
STU0373,Electronics,3,9.19,6,"['Spark', 'Java', 'Selenium', 'Kubernetes', 'FastAPI', 'Flutter']",6,4,0,1,1,6,14,0.9189999999999999,1,0.5888125613346419,2.0,3
STU0374,Electrical,4,9.31,9,"['JavaScript', 'Power BI', 'Java', 'Tableau', 'Machine Learning', 'NLP', 'Selenium', 'Swift', 'HTML']",0,1,3,9,1,9,2,0.931,15,0.8729388942774006,0.2,2
STU0375,Computer Science,4,9.61,11,"['Selenium', 'Kotlin', 'Spark', 'HTML', 'TypeScript', 'Git', 'React', 'Kubernetes', 'Java', 'Machine Learning', 'Swift']",6,2,0,6,1,11,10,0.961,6,1.0367577756833177,0.8333333333333334,1
STU0376,Electronics,4,8.94,9,"['Kubernetes', 'Linux', 'Django', 'JavaScript', 'Git', 'React', 'Python', 'Spark', 'Power BI']",6,5,4,4,1,9,16,0.8939999999999999,12,0.9054325955734407,1.6,3
STU0377,Electronics,4,6.64,7,"['React', 'Machine Learning', 'CSS', 'Kotlin', 'NLP', 'HTML', 'AWS']",0,2,1,7,0,7,4,0.6639999999999999,9,0.9162303664921466,0.5,3
STU0378,Information Science,4,9.17,11,"['Docker', 'Tableau', 'Selenium', 'Kubernetes', 'SQL', 'Figma', 'C++', 'NLP', 'Swift', 'HTML', 'FastAPI']",3,2,0,4,1,11,7,0.917,4,1.0816125860373649,0.5833333333333334,4
STU0379,Mechanical,4,7.77,8,"['CSS', 'MySQL', 'Kubernetes', 'Kafka', 'Embedded C', 'Django', 'NLP', 'Flutter']",2,2,4,3,1,8,6,0.7769999999999999,11,0.9122006841505131,0.6666666666666666,5
STU0380,Civil,4,7.96,6,"['Git', 'React', 'Django', 'C++', 'MySQL', 'AWS']",0,1,3,0,1,6,2,0.796,6,0.6696428571428571,0.2857142857142857,0
STU0381,Electronics,3,5.28,4,"['Node.js', 'NLP', 'TypeScript', 'Django']",7,1,1,1,0,4,9,0.528,3,0.6369426751592356,1.8,3
STU0382,Mechanical,4,6.73,9,"['TypeScript', 'SQL', 'GCP', 'Python', 'Swift', 'Node.js', 'React', 'Postman', 'C++']",2,5,4,1,1,9,12,0.673,9,1.1642949547218628,1.2,5
STU0383,Civil,4,6.47,5,"['Postman', 'C++', 'Deep Learning', 'Python', 'Java']",4,3,3,8,0,5,10,0.647,14,0.6693440428380187,1.6666666666666667,0
STU0384,Electronics,3,5.49,8,"['NLP', 'Embedded C', 'Kubernetes', 'SQL', 'GCP', 'JavaScript', 'Selenium', 'Node.js']",4,0,3,3,1,8,4,0.549,9,1.2326656394453004,0.4444444444444444,3
STU0385,Electrical,4,5.17,10,"['Java', 'Spark', 'HTML', 'Tableau', 'Docker', 'Figma', 'Machine Learning', 'Deep Learning', 'Embedded C', 'Swift']",7,5,0,9,1,10,17,0.517,9,1.6207455429497568,1.5454545454545454,2
STU0386,Information Science,4,6.66,7,"['C++', 'Azure', 'Kubernetes', 'MySQL', 'Swift', 'Spark', 'Java']",6,4,1,1,0,7,14,0.666,3,0.9138381201044387,1.75,4
STU0387,Electronics,4,5.72,11,"['GCP', 'FastAPI', 'Figma', 'Django', 'Spark', 'Postman', 'SQL', 'Power BI', 'React', 'Kotlin', 'Swift']",7,4,4,9,0,11,15,0.572,17,1.6369047619047619,1.25,3
STU0388,Information Science,4,5.87,9,"['GCP', 'Postman', 'HTML', 'Machine Learning', 'JavaScript', 'Django', 'MySQL', 'Python', 'Kubernetes']",7,2,2,5,0,9,11,0.587,9,1.3100436681222707,1.1,4
STU0389,Computer Science,4,5.03,8,"['CSS', 'Swift', 'Python', 'NLP', 'Solidity', 'Linux', 'Git', 'Embedded C']",6,5,4,0,0,8,16,0.503,8,1.3266998341625207,1.7777777777777777,1
STU0390,Electrical,4,5.78,10,"['Kubernetes', 'Node.js', 'Figma', 'GCP', 'Kafka', 'React', 'Jira', 'Swift', 'MongoDB', 'Machine Learning']",2,0,2,2,0,10,2,0.5780000000000001,6,1.4749262536873156,0.18181818181818182,2
STU0391,Electrical,4,7.68,4,"['TypeScript', 'Embedded C', 'Kafka', 'Deep Learning']",7,0,4,4,1,4,7,0.768,12,0.4608294930875576,1.4,2
STU0392,Electronics,3,7.0,10,"['MySQL', 'Python', 'TypeScript', 'Jira', 'Solidity', 'Kubernetes', 'Tableau', 'JavaScript', 'Machine Learning', 'NLP']",3,3,2,2,0,10,9,0.7,6,1.25,0.8181818181818182,3
STU0393,Electronics,4,9.09,3,"['Kotlin', 'Spark', 'Tableau']",7,4,4,4,1,3,15,0.909,12,0.29732408325074333,3.75,3
STU0394,Civil,4,7.37,11,"['Swift', 'HTML', 'Spark', 'Power BI', 'NLP', 'CSS', 'Flutter', 'JavaScript', 'MongoDB', 'Machine Learning', 'Kafka']",3,2,3,9,1,11,7,0.737,15,1.3142174432497011,0.5833333333333334,0
STU0395,Electrical,4,5.06,9,"['Figma', 'Python', 'Selenium', 'JavaScript', 'SQL', 'Java', 'Kubernetes', 'Git', 'Power BI']",6,2,3,7,0,9,10,0.506,13,1.4851485148514851,1.0,2
STU0396,Electrical,4,5.24,4,"['GCP', 'Node.js', 'Power BI', 'C++']",4,1,3,1,0,4,6,0.524,7,0.641025641025641,1.2,2
STU0397,Mechanical,4,9.75,9,"['Machine Learning', 'JavaScript', 'HTML', 'Solidity', 'FastAPI', 'Power BI', 'Tableau', 'Spark', 'Embedded C']",1,0,1,2,1,9,1,0.975,4,0.8372093023255814,0.1,5
STU0398,Computer Science,4,5.47,10,"['Solidity', 'Embedded C', 'Swift', 'Power BI', 'Django', 'Tableau', 'Python', 'Kotlin', 'Kubernetes', 'Selenium']",6,0,2,4,0,10,6,0.5469999999999999,8,1.545595054095827,0.5454545454545454,1
STU0399,Computer Science,4,5.42,6,"['GCP', 'Docker', 'FastAPI', 'Kotlin', 'Swift', 'Java']",6,3,4,4,0,6,12,0.542,12,0.9345794392523364,1.7142857142857142,1
STU0400,Electrical,4,8.96,4,"['Flutter', 'Swift', 'React', 'Node.js']",4,0,4,9,1,4,4,0.8960000000000001,17,0.4016064257028112,0.8,2
STU0401,Electronics,4,6.98,9,"['Kotlin', 'Git', 'CSS', 'Unity', 'Linux', 'HTML', 'Deep Learning', 'Tableau', 'Django']",6,0,3,5,0,9,6,0.6980000000000001,11,1.1278195488721805,0.6,3
STU0402,Civil,4,8.64,10,"['Git', 'MongoDB', 'AWS', 'React', 'Kafka', 'Embedded C', 'Tableau', 'MySQL', 'Figma', 'TypeScript']",2,1,0,4,1,10,4,0.8640000000000001,4,1.0373443983402488,0.36363636363636365,0
STU0403,Information Science,3,5.35,4,"['JavaScript', 'Java', 'Docker', 'Linux']",3,4,0,8,0,4,11,0.5349999999999999,8,0.6299212598425197,2.2,4
STU0404,Mechanical,3,6.86,5,"['Power BI', 'Azure', 'Flutter', 'Swift', 'MySQL']",0,3,2,9,0,5,6,0.686,13,0.6361323155216285,1.0,5
STU0405,Mechanical,3,9.01,4,"['MongoDB', 'Azure', 'Node.js', 'Selenium']",6,5,1,7,1,4,16,0.901,9,0.3996003996003996,3.2,5
STU0406,Electronics,4,8.59,5,"['Java', 'Python', 'Django', 'Selenium', 'JavaScript']",1,1,2,7,1,5,3,0.859,11,0.5213764337851929,0.5,3
STU0407,Electrical,4,7.74,11,"['Figma', 'Unity', 'Git', 'CSS', 'HTML', 'Deep Learning', 'Kubernetes', 'C++', 'Django', 'Tableau', 'Swift']",2,0,2,1,1,11,2,0.774,5,1.2585812356979404,0.16666666666666666,2
STU0408,Civil,4,9.19,9,"['Unity', 'Swift', 'GCP', 'Flutter', 'MongoDB', 'Figma', 'JavaScript', 'AWS', 'Kafka']",7,1,2,9,1,9,9,0.9189999999999999,13,0.8832188420019628,0.9,0
STU0409,Information Science,4,5.85,4,"['C++', 'JavaScript', 'Power BI', 'GCP']",1,0,1,7,0,4,1,0.585,9,0.5839416058394161,0.2,4
STU0410,Electrical,3,6.58,6,"['Swift', 'Flutter', 'C++', 'JavaScript', 'TypeScript', 'GCP']",5,0,4,7,0,6,5,0.658,15,0.7915567282321899,0.7142857142857143,2
STU0411,Mechanical,4,8.61,10,"['Spark', 'Figma', 'Linux', 'Selenium', 'Jira', 'Docker', 'C++', 'Python', 'SQL', 'Postman']",6,0,1,1,1,10,6,0.861,3,1.040582726326743,0.5454545454545454,5
STU0412,Information Science,4,9.18,11,"['Linux', 'Kotlin', 'Git', 'Figma', 'Django', 'HTML', 'Spark', 'Embedded C', 'React', 'Tableau', 'Docker']",3,0,0,5,1,11,3,0.9179999999999999,5,1.0805500982318272,0.25,4
STU0413,Mechanical,3,7.63,5,"['Python', 'HTML', 'Machine Learning', 'FastAPI', 'Power BI']",3,5,4,8,1,5,13,0.763,16,0.5793742757821554,2.1666666666666665,5
STU0414,Civil,4,5.16,7,"['React', 'Jira', 'Embedded C', 'Spark', 'SQL', 'NLP', 'FastAPI']",1,3,0,4,1,7,7,0.516,4,1.1363636363636362,0.875,0
STU0415,Mechanical,4,6.14,9,"['Spark', 'Tableau', 'Power BI', 'HTML', 'Azure', 'React', 'MongoDB', 'Python', 'Node.js']",3,2,3,6,0,9,7,0.614,12,1.2605042016806722,0.7,5
STU0416,Mechanical,4,9.06,5,"['JavaScript', 'Django', 'MongoDB', 'Embedded C', 'Spark']",5,1,1,7,1,5,7,0.906,9,0.49701789264413515,1.1666666666666667,5
STU0417,Electrical,3,5.97,8,"['Embedded C', 'AWS', 'JavaScript', 'MongoDB', 'Spark', 'Jira', 'Figma', 'Git']",2,2,0,5,0,8,6,0.597,5,1.1477761836441893,0.6666666666666666,2
STU0418,Civil,3,9.77,4,"['Flutter', 'CSS', 'SQL', 'MySQL']",5,1,1,5,1,4,7,0.977,7,0.37140204271123495,1.4,0
STU0419,Civil,4,5.81,6,"['C++', 'JavaScript', 'MySQL', 'Deep Learning', 'Figma', 'Docker']",4,5,4,8,0,6,14,0.581,16,0.881057268722467,2.0,0
STU0420,Computer Science,4,8.93,5,"['Selenium', 'TypeScript', 'React', 'Jira', 'AWS']",0,4,0,1,1,5,8,0.893,1,0.5035246727089627,1.3333333333333333,1
STU0421,Mechanical,4,9.46,8,"['React', 'Postman', 'Tableau', 'Azure', 'Flutter', 'FastAPI', 'Jira', 'Django']",4,2,0,9,1,8,8,0.9460000000000001,9,0.7648183556405354,0.8888888888888888,5
STU0422,Electronics,3,6.19,11,"['Python', 'Postman', 'Linux', 'JavaScript', 'Docker', 'Solidity', 'Tableau', 'Django', 'SQL', 'Kubernetes', 'Git']",4,3,4,7,0,11,10,0.619,15,1.5299026425591098,0.8333333333333334,3
STU0423,Information Science,4,7.88,8,"['SQL', 'CSS', 'Solidity', 'Java', 'NLP', 'Machine Learning', 'MongoDB', 'Linux']",0,0,3,0,0,8,0,0.788,6,0.900900900900901,0.0,4
STU0424,Computer Science,4,5.98,5,"['FastAPI', 'React', 'GCP', 'Kubernetes', 'SQL']",5,5,1,0,0,5,15,0.5980000000000001,2,0.7163323782234956,2.5,1
STU0425,Civil,3,5.5,4,"['Solidity', 'MySQL', 'Docker', 'Linux']",1,0,1,9,0,4,1,0.55,11,0.6153846153846154,0.2,0
STU0426,Electronics,4,9.66,7,"['Figma', 'Postman', 'Node.js', 'Tableau', 'C++', 'Azure', 'MongoDB']",4,4,0,8,1,7,12,0.966,8,0.6566604127579737,1.5,3
STU0427,Electrical,3,6.36,7,"['Spark', 'JavaScript', 'Docker', 'Tableau', 'Postman', 'GCP', 'MySQL']",5,0,4,2,0,7,5,0.636,10,0.9510869565217391,0.625,2
STU0428,Electrical,4,7.76,6,"['Solidity', 'FastAPI', 'Kafka', 'Spark', 'Java', 'Git']",4,4,2,2,1,6,12,0.776,6,0.684931506849315,1.7142857142857142,2
STU0429,Computer Science,3,8.26,9,"['JavaScript', 'Linux', 'TypeScript', 'Azure', 'Kubernetes', 'Deep Learning', 'Swift', 'Unity', 'SQL']",0,4,4,0,1,9,8,0.826,8,0.9719222462203024,0.8,1
STU0430,Mechanical,4,8.02,8,"['Django', 'CSS', 'GCP', 'Unity', 'FastAPI', 'AWS', 'Node.js', 'C++']",7,2,1,9,1,8,11,0.8019999999999999,11,0.8869179600886918,1.2222222222222223,5
STU0431,Electrical,4,5.53,6,"['Kafka', 'MySQL', 'MongoDB', 'Linux', 'Flutter', 'Azure']",3,2,3,4,0,6,7,0.553,10,0.9188361408882082,1.0,2
STU0432,Electronics,4,8.38,8,"['Figma', 'Linux', 'Spark', 'Power BI', 'Kubernetes', 'Kotlin', 'React', 'Deep Learning']",1,4,2,8,1,8,9,0.8380000000000001,12,0.8528784648187633,1.0,3
STU0433,Electrical,4,8.92,5,"['AWS', 'GCP', 'Deep Learning', 'Swift', 'CSS']",3,1,4,8,1,5,5,0.892,16,0.5040322580645161,0.8333333333333334,2
STU0434,Electronics,4,6.94,9,"['MySQL', 'HTML', 'Postman', 'Git', 'Flutter', 'Spark', 'Java', 'React', 'Kotlin']",4,0,1,5,1,9,4,0.6940000000000001,7,1.1335012594458438,0.4,3
STU0435,Information Science,4,6.17,8,"['Python', 'NLP', 'GCP', 'Tableau', 'Kotlin', 'Power BI', 'MySQL', 'Azure']",7,3,1,2,0,8,13,0.617,4,1.1157601115760112,1.4444444444444444,4
STU0436,Computer Science,4,6.19,5,"['Swift', 'Embedded C', 'AWS', 'HTML', 'MySQL']",0,3,3,2,0,5,6,0.619,8,0.6954102920723226,1.0,1
STU0437,Information Science,4,8.06,4,"['SQL', 'TypeScript', 'Unity', 'MySQL']",6,0,3,8,0,4,6,0.806,14,0.44150110375275936,1.2,4
STU0438,Information Science,4,8.41,10,"['Solidity', 'Kafka', 'HTML', 'Swift', 'Jira', 'React', 'Power BI', 'TypeScript', 'Figma', 'Flutter']",3,1,3,1,1,10,5,0.841,7,1.0626992561105206,0.45454545454545453,4
STU0439,Electronics,4,8.94,6,"['Java', 'Solidity', 'Selenium', 'Kafka', 'AWS', 'Django']",1,4,1,2,1,6,9,0.8939999999999999,4,0.6036217303822938,1.2857142857142858,3
STU0440,Mechanical,4,7.08,7,"['Tableau', 'Solidity', 'Kubernetes', 'Azure', 'Embedded C', 'Java', 'Postman']",7,0,3,8,1,7,7,0.708,14,0.8663366336633663,0.875,5
STU0441,Information Science,4,6.55,7,"['SQL', 'HTML', 'Python', 'Solidity', 'Selenium', 'Spark', 'Kubernetes']",4,3,1,5,0,7,10,0.655,7,0.9271523178807948,1.25,4
STU0442,Information Science,4,5.42,9,"['Selenium', 'GCP', 'SQL', 'Unity', 'Power BI', 'Node.js', 'Jira', 'C++', 'Solidity']",5,3,1,2,0,9,11,0.542,4,1.4018691588785046,1.1,4
STU0443,Civil,4,9.33,7,"['Postman', 'Jira', 'JavaScript', 'Node.js', 'SQL', 'Tableau', 'Git']",6,0,2,8,1,7,6,0.933,12,0.6776379477250726,0.75,0
STU0444,Civil,4,5.29,9,"['Swift', 'Azure', 'Figma', 'FastAPI', 'Flutter', 'AWS', 'MySQL', 'Node.js', 'Tableau']",6,0,2,0,0,9,6,0.529,4,1.4308426073131955,0.6,0
STU0445,Computer Science,3,5.72,11,"['Django', 'Flutter', 'Postman', 'MongoDB', 'Machine Learning', 'Azure', 'Unity', 'Jira', 'Embedded C', 'Kotlin', 'Linux']",3,2,0,7,0,11,7,0.572,7,1.6369047619047619,0.5833333333333334,1
STU0446,Computer Science,3,6.99,6,"['HTML', 'Python', 'Django', 'Azure', 'Linux', 'Deep Learning']",7,5,2,0,0,6,17,0.6990000000000001,4,0.7509386733416771,2.4285714285714284,1
STU0447,Information Science,3,5.89,9,"['Spark', 'MySQL', 'Kubernetes', 'Git', 'Node.js', 'SQL', 'Figma', 'Postman', 'Docker']",6,1,2,0,0,9,8,0.589,4,1.3062409288824384,0.8,4
STU0448,Electronics,4,7.58,5,"['Docker', 'CSS', 'Java', 'Tableau', 'Linux']",2,0,3,5,1,5,2,0.758,11,0.5827505827505828,0.3333333333333333,3
STU0449,Electrical,3,5.06,4,"['Figma', 'Git', 'React', 'Deep Learning']",5,0,4,0,0,4,5,0.506,8,0.6600660066006601,1.0,2
STU0450,Computer Science,4,6.49,5,"['SQL', 'Deep Learning', 'Figma', 'Linux', 'Python']",4,5,1,5,0,5,14,0.649,7,0.6675567423230975,2.3333333333333335,1
STU0451,Civil,4,8.16,7,"['Linux', 'Flutter', 'Figma', 'Jira', 'Python', 'Postman', 'Machine Learning']",0,2,3,3,1,7,4,0.8160000000000001,9,0.7641921397379913,0.5,0
STU0452,Electronics,3,6.39,5,"['Git', 'Django', 'Tableau', 'AWS', 'Power BI']",4,4,3,5,0,5,12,0.639,11,0.6765899864682003,2.0,3
STU0453,Electronics,4,6.9,10,"['Postman', 'AWS', 'CSS', 'Solidity', 'Python', 'TypeScript', 'Git', 'Django', 'C++', 'Node.js']",0,5,4,4,0,10,10,0.6900000000000001,12,1.2658227848101264,0.9090909090909091,3
STU0454,Computer Science,4,5.96,11,"['Machine Learning', 'CSS', 'Kotlin', 'Azure', 'SQL', 'Unity', 'Java', 'Tableau', 'Python', 'Swift', 'Flutter']",4,3,3,9,0,11,10,0.596,15,1.5804597701149425,0.8333333333333334,1
STU0455,Information Science,4,6.33,11,"['Flutter', 'HTML', 'Embedded C', 'Kubernetes', 'Machine Learning', 'Swift', 'Solidity', 'Unity', 'MongoDB', 'Kafka', 'MySQL']",4,3,3,9,0,11,10,0.633,15,1.500682128240109,0.8333333333333334,4
STU0456,Electrical,4,5.97,4,"['Power BI', 'Python', 'Kotlin', 'Postman']",0,5,3,0,0,4,10,0.597,6,0.5738880918220947,2.0,2
STU0457,Civil,4,9.26,9,"['Power BI', 'Swift', 'Java', 'MongoDB', 'Docker', 'Figma', 'Node.js', 'Tableau', 'Machine Learning']",1,4,3,4,1,9,9,0.9259999999999999,10,0.8771929824561404,0.9,0
STU0458,Computer Science,3,5.4,9,"['Unity', 'Kafka', 'Docker', 'Spark', 'Embedded C', 'Power BI', 'Kotlin', 'Java', 'NLP']",2,5,2,2,0,9,12,0.54,6,1.40625,1.2,1
STU0459,Information Science,4,9.34,3,"['NLP', 'Postman', 'MongoDB']",5,0,0,8,0,3,5,0.9339999999999999,8,0.2901353965183752,1.25,4
STU0460,Computer Science,4,5.93,5,"['GCP', 'Selenium', 'NLP', 'HTML', 'Deep Learning']",7,1,4,0,0,5,9,0.593,8,0.7215007215007215,1.5,1
STU0461,Electronics,4,5.66,9,"['Docker', 'Jira', 'Python', 'Kafka', 'Machine Learning', 'Spark', 'Azure', 'Tableau', 'Unity']",2,3,4,6,0,9,8,0.5660000000000001,14,1.3513513513513513,0.8,3
STU0462,Information Science,4,7.46,11,"['Linux', 'TypeScript', 'Solidity', 'MySQL', 'JavaScript', 'React', 'Azure', 'Python', 'Kubernetes', 'Flutter', 'Node.js']",5,5,0,3,1,11,15,0.746,3,1.3002364066193852,1.25,4
STU0463,Electronics,4,7.86,9,"['Swift', 'Docker', 'Postman', 'C++', 'Selenium', 'Solidity', 'CSS', 'SQL', 'HTML']",1,0,4,9,1,9,1,0.786,17,1.0158013544018059,0.1,3
STU0464,Electronics,4,6.33,3,"['React', 'Kafka', 'MySQL']",0,1,4,1,0,3,2,0.633,9,0.4092769440654843,0.5,3
STU0465,Electrical,4,7.23,8,"['Java', 'Selenium', 'Unity', 'Linux', 'GCP', 'CSS', 'Power BI', 'Azure']",3,3,3,7,1,8,9,0.7230000000000001,13,0.9720534629404617,1.0,2
STU0466,Information Science,4,9.43,5,"['Flutter', 'FastAPI', 'Deep Learning', 'Figma', 'Kotlin']",2,2,1,8,1,5,6,0.943,10,0.4793863854266539,1.0,4
STU0467,Computer Science,4,5.42,7,"['Postman', 'Power BI', 'Python', 'TypeScript', 'Kubernetes', 'Selenium', 'Django']",5,0,4,6,1,7,5,0.542,14,1.090342679127726,0.625,1
STU0468,Information Science,3,8.64,8,"['Git', 'NLP', 'CSS', 'JavaScript', 'Machine Learning', 'TypeScript', 'MySQL', 'Kubernetes']",0,3,0,3,1,8,6,0.8640000000000001,3,0.8298755186721991,0.6666666666666666,4
STU0469,Electrical,4,5.38,5,"['Unity', 'Solidity', 'Linux', 'FastAPI', 'Figma']",5,4,1,7,0,5,13,0.538,9,0.7836990595611285,2.1666666666666665,2
STU0470,Electronics,4,9.43,9,"['Deep Learning', 'Flutter', 'Swift', 'NLP', 'FastAPI', 'JavaScript', 'SQL', 'Machine Learning', 'Postman']",6,0,2,5,1,9,6,0.943,9,0.862895493767977,0.6,3
STU0471,Electrical,4,5.1,8,"['SQL', 'HTML', 'TypeScript', 'Git', 'Solidity', 'Flutter', 'Kotlin', 'Django']",7,2,2,6,0,8,11,0.51,10,1.3114754098360657,1.2222222222222223,2
STU0472,Computer Science,4,9.56,4,"['Kotlin', 'Azure', 'MySQL', 'JavaScript']",3,1,2,7,0,4,5,0.9560000000000001,11,0.3787878787878788,1.0,1
STU0473,Computer Science,4,6.65,3,"['FastAPI', 'Power BI', 'C++']",3,2,4,8,0,3,7,0.665,16,0.39215686274509803,1.75,1
STU0474,Information Science,4,8.48,9,"['Machine Learning', 'SQL', 'HTML', 'Unity', 'Selenium', 'Git', 'Kubernetes', 'CSS', 'JavaScript']",2,0,3,7,1,9,2,0.8480000000000001,13,0.9493670886075949,0.2,4
STU0475,Civil,4,6.78,6,"['Node.js', 'Python', 'Spark', 'Django', 'AWS', 'NLP']",0,0,1,7,0,6,0,0.678,9,0.7712082262210797,0.0,0
STU0476,Civil,3,8.61,3,"['Azure', 'Embedded C', 'React']",1,0,0,4,0,3,1,0.861,4,0.3121748178980229,0.25,0
STU0477,Computer Science,4,7.71,6,"['CSS', 'JavaScript', 'SQL', 'Kotlin', 'Kubernetes', 'HTML']",7,0,1,5,1,6,7,0.771,7,0.6888633754305395,1.0,1
STU0478,Mechanical,4,6.22,4,"['Python', 'Solidity', 'Figma', 'Java']",3,5,2,9,0,4,13,0.622,13,0.554016620498615,2.6,5
STU0479,Computer Science,3,5.15,11,"['Kotlin', 'Linux', 'MySQL', 'Django', 'FastAPI', 'Power BI', 'GCP', 'Java', 'Node.js', 'Embedded C', 'Tableau']",1,2,1,2,0,11,5,0.515,4,1.7886178861788617,0.4166666666666667,1
STU0480,Computer Science,4,7.63,3,"['HTML', 'Deep Learning', 'Postman']",7,0,4,2,0,3,7,0.763,10,0.3476245654692932,1.75,1
STU0481,Information Science,4,6.04,8,"['Postman', 'Spark', 'Power BI', 'Deep Learning', 'Tableau', 'Django', 'Kotlin', 'JavaScript']",1,1,1,7,0,8,3,0.604,9,1.1363636363636365,0.3333333333333333,4
STU0482,Civil,4,8.2,7,"['HTML', 'JavaScript', 'Jira', 'Spark', 'Python', 'CSS', 'Kotlin']",3,5,2,4,1,7,13,0.82,8,0.7608695652173914,1.625,0
STU0483,Electrical,3,8.32,8,"['Flutter', 'HTML', 'CSS', 'Postman', 'Docker', 'Linux', 'NLP', 'Python']",4,2,2,1,1,8,8,0.8320000000000001,5,0.8583690987124464,0.8888888888888888,2
STU0484,Electrical,4,7.76,7,"['JavaScript', 'React', 'HTML', 'Spark', 'FastAPI', 'Tableau', 'Unity']",4,3,2,3,1,7,10,0.776,7,0.7990867579908676,1.25,2
STU0485,Computer Science,3,9.08,7,"['Figma', 'Solidity', 'Flutter', 'Unity', 'Kafka', 'Kotlin', 'Embedded C']",7,4,3,2,1,7,15,0.908,8,0.6944444444444444,1.875,1
STU0486,Civil,4,9.48,10,"['Django', 'Git', 'Tableau', 'Unity', 'Selenium', 'Java', 'MySQL', 'Spark', 'Kubernetes', 'Kafka']",6,2,4,4,1,10,10,0.9480000000000001,12,0.9541984732824427,0.9090909090909091,0
STU0487,Computer Science,4,5.07,4,"['Spark', 'Node.js', 'Java', 'Azure']",4,4,0,9,0,4,12,0.507,9,0.6589785831960461,2.4,1
STU0488,Information Science,4,8.65,6,"['Swift', 'Deep Learning', 'Azure', 'TypeScript', 'Embedded C', 'SQL']",1,3,1,8,1,6,7,0.865,10,0.6217616580310881,1.0,4
STU0489,Electronics,3,6.59,4,"['C++', 'Selenium', 'Flutter', 'Machine Learning']",6,5,4,5,0,4,16,0.659,13,0.5270092226613966,3.2,3
STU0490,Information Science,4,9.0,7,"['Git', 'Deep Learning', 'TypeScript', 'MySQL', 'NLP', 'Kotlin', 'GCP']",5,4,4,5,1,7,13,0.9,13,0.7,1.625,4
STU0491,Computer Science,4,8.5,10,"['TypeScript', 'NLP', 'Node.js', 'Machine Learning', 'Unity', 'Postman', 'AWS', 'Python', 'Jira', 'Git']",1,5,1,5,1,10,11,0.85,7,1.0526315789473684,1.0,1
STU0492,Civil,3,6.19,3,"['JavaScript', 'Django', 'Tableau']",5,4,0,4,1,3,13,0.619,4,0.4172461752433936,3.25,0
STU0493,Electrical,4,9.5,4,"['MongoDB', 'Java', 'HTML', 'Kafka']",4,0,0,8,0,4,4,0.95,8,0.38095238095238093,0.8,2
STU0494,Electronics,4,5.89,6,"['Embedded C', 'Figma', 'Azure', 'Deep Learning', 'Solidity', 'Flutter']",4,1,3,3,0,6,6,0.589,9,0.8708272859216256,0.8571428571428571,3
STU0495,Information Science,4,9.24,8,"['Selenium', 'AWS', 'HTML', 'Swift', 'Spark', 'C++', 'Jira', 'Kubernetes']",3,4,4,2,1,8,11,0.924,10,0.78125,1.2222222222222223,4
STU0496,Electrical,4,5.59,11,"['Kotlin', 'FastAPI', 'Docker', 'Django', 'MongoDB', 'Flutter', 'Tableau', 'Kubernetes', 'CSS', 'Selenium', 'HTML']",5,5,0,6,0,11,15,0.5589999999999999,6,1.6691957511380882,1.25,2
STU0497,Civil,3,8.31,11,"['Machine Learning', 'MySQL', 'Azure', 'Spark', 'Django', 'Embedded C', 'TypeScript', 'Power BI', 'Python', 'Kubernetes', 'Swift']",6,1,3,5,1,11,8,0.8310000000000001,11,1.1815252416756175,0.6666666666666666,0
STU0498,Civil,4,8.43,7,"['Python', 'Spark', 'Machine Learning', 'Node.js', 'Azure', 'Power BI', 'AWS']",6,4,1,7,1,7,14,0.843,9,0.7423117709437964,1.75,0
STU0499,Electronics,4,9.06,4,"['Swift', 'TypeScript', 'Jira', 'AWS']",2,0,4,7,0,4,2,0.906,15,0.3976143141153081,0.4,3
STU0500,Civil,3,7.51,5,"['GCP', 'Swift', 'Kubernetes', 'JavaScript', 'NLP']",1,4,3,3,1,5,9,0.751,9,0.5875440658049353,1.5,0
STU0501,Computer Science,4,9.54,3,"['Spark', 'Tableau', 'React']",4,1,4,0,1,3,6,0.954,8,0.28462998102466797,1.5,1
STU0502,Computer Science,4,6.79,4,"['Kubernetes', 'JavaScript', 'Git', 'FastAPI']",1,4,0,6,0,4,9,0.679,6,0.5134788189987163,1.8,1
STU0503,Electronics,4,5.62,8,"['Jira', 'Solidity', 'TypeScript', 'Selenium', 'Spark', 'MySQL', 'Java', 'GCP']",6,3,3,5,0,8,12,0.562,11,1.2084592145015105,1.3333333333333333,3
STU0504,Information Science,4,7.78,8,"['Power BI', 'Python', 'SQL', 'NLP', 'React', 'Selenium', 'Unity', 'CSS']",2,2,1,5,1,8,6,0.778,7,0.9111617312072892,0.6666666666666666,4
STU0505,Information Science,4,6.03,8,"['Embedded C', 'Python', 'Flutter', 'Git', 'Selenium', 'Azure', 'NLP', 'MongoDB']",6,3,0,5,0,8,12,0.603,5,1.1379800853485063,1.3333333333333333,4
STU0506,Information Science,4,7.27,5,"['Kubernetes', 'Postman', 'Selenium', 'Power BI', 'Docker']",6,3,4,6,1,5,12,0.727,14,0.6045949214026602,2.0,4
STU0507,Computer Science,4,6.9,8,"['MongoDB', 'Spark', 'Power BI', 'SQL', 'Postman', 'MySQL', 'Docker', 'Python']",4,5,0,9,1,8,14,0.6900000000000001,9,1.0126582278481011,1.5555555555555556,1
STU0508,Electrical,4,8.03,7,"['FastAPI', 'Deep Learning', 'Embedded C', 'Kafka', 'Solidity', 'Flutter', 'Git']",6,4,3,9,1,7,14,0.8029999999999999,15,0.7751937984496124,1.75,2
STU0509,Mechanical,4,5.37,3,"['Power BI', 'Swift', 'Node.js']",6,5,2,8,1,3,16,0.537,12,0.47095761381475665,4.0,5
STU0510,Mechanical,4,8.27,11,"['Python', 'HTML', 'Git', 'Jira', 'CSS', 'FastAPI', 'Linux', 'Kafka', 'AWS', 'Power BI', 'Kotlin']",2,0,1,0,1,11,2,0.827,2,1.186623516720604,0.16666666666666666,5
STU0511,Computer Science,4,5.27,9,"['NLP', 'Kotlin', 'Selenium', 'HTML', 'MySQL', 'React', 'Tableau', 'Embedded C', 'Git']",0,2,4,0,1,9,4,0.5269999999999999,8,1.4354066985645935,0.4,1
STU0512,Electronics,3,9.0,4,"['Embedded C', 'Docker', 'Node.js', 'TypeScript']",1,1,1,6,1,4,3,0.9,8,0.4,0.6,3
STU0513,Electronics,4,7.77,8,"['C++', 'Unity', 'Selenium', 'Kubernetes', 'Spark', 'SQL', 'MySQL', 'Postman']",2,1,2,3,1,8,4,0.7769999999999999,7,0.9122006841505131,0.4444444444444444,3
STU0514,Information Science,4,7.58,4,"['HTML', 'Swift', 'Unity', 'Linux']",3,3,0,2,1,4,9,0.758,2,0.4662004662004662,1.8,4
STU0515,Electrical,3,6.49,6,"['HTML', 'Kotlin', 'NLP', 'JavaScript', 'Tableau', 'Kafka']",2,1,4,4,0,6,4,0.649,12,0.8010680907877169,0.5714285714285714,2
STU0516,Information Science,4,7.69,10,"['NLP', 'Machine Learning', 'MySQL', 'Kubernetes', 'SQL', 'C++', 'MongoDB', 'React', 'Jira', 'Deep Learning']",2,3,3,8,1,10,8,0.769,14,1.150747986191024,0.7272727272727273,4
STU0517,Electronics,3,5.38,3,"['React', 'SQL', 'Tableau']",7,4,3,3,0,3,15,0.538,9,0.4702194357366771,3.75,3
STU0518,Electrical,3,7.13,4,"['Python', 'Solidity', 'AWS', 'Azure']",6,3,1,8,1,4,12,0.713,10,0.49200492004920054,2.4,2
STU0519,Mechanical,4,6.17,7,"['Kafka', 'Python', 'Flutter', 'Kotlin', 'React', 'Embedded C', 'Git']",6,5,2,9,0,7,16,0.617,13,0.9762900976290098,2.0,5
STU0520,Computer Science,4,6.83,11,"['React', 'Git', 'Flutter', 'HTML', 'TypeScript', 'Solidity', 'Spark', 'FastAPI', 'Power BI', 'CSS', 'Kafka']",0,1,3,8,0,11,2,0.683,14,1.40485312899106,0.16666666666666666,1
STU0521,Electrical,3,7.45,6,"['Flutter', 'Jira', 'Postman', 'AWS', 'Solidity', 'C++']",6,5,2,4,1,6,16,0.745,8,0.7100591715976332,2.2857142857142856,2
STU0522,Computer Science,4,6.69,5,"['HTML', 'Git', 'Kubernetes', 'Azure', 'C++']",3,4,2,3,0,5,11,0.669,7,0.6501950585175552,1.8333333333333333,1
STU0523,Computer Science,4,6.69,11,"['Azure', 'Jira', 'FastAPI', 'Unity', 'AWS', 'Tableau', 'CSS', 'Spark', 'JavaScript', 'Power BI', 'Machine Learning']",1,2,2,1,1,11,5,0.669,5,1.4304291287386215,0.4166666666666667,1
STU0524,Electronics,4,7.93,5,"['Java', 'AWS', 'Solidity', 'Flutter', 'Git']",6,2,4,5,1,5,10,0.7929999999999999,13,0.5599104143337066,1.6666666666666667,3
STU0525,Electronics,4,7.22,9,"['Figma', 'SQL', 'Django', 'React', 'TypeScript', 'Azure', 'Postman', 'Deep Learning', 'Spark']",5,5,3,2,1,9,15,0.722,8,1.0948905109489053,1.5,3
STU0526,Electrical,4,8.33,8,"['Swift', 'Kafka', 'TypeScript', 'MongoDB', 'Machine Learning', 'React', 'Unity', 'Selenium']",2,1,1,3,1,8,4,0.833,5,0.857449088960343,0.4444444444444444,2
STU0527,Mechanical,4,6.08,9,"['Linux', 'MySQL', 'Deep Learning', 'Django', 'Flutter', 'Git', 'Kubernetes', 'React', 'Spark']",1,2,1,2,0,9,5,0.608,4,1.271186440677966,0.5,5
STU0528,Mechanical,4,8.43,4,"['FastAPI', 'Deep Learning', 'HTML', 'Figma']",0,0,0,6,0,4,0,0.843,6,0.4241781548250265,0.0,5
STU0529,Electrical,4,9.51,6,"['SQL', 'React', 'Flutter', 'Figma', 'Postman', 'Machine Learning']",3,1,3,0,1,6,5,0.951,6,0.570884871550904,0.7142857142857143,2
STU0530,Computer Science,4,6.03,4,"['SQL', 'Docker', 'Java', 'Swift']",1,3,4,8,0,4,7,0.603,16,0.5689900426742531,1.4,1
STU0531,Electrical,4,5.57,8,"['React', 'Git', 'Postman', 'AWS', 'Azure', 'TypeScript', 'Embedded C', 'JavaScript']",4,5,1,6,1,8,14,0.557,8,1.21765601217656,1.5555555555555556,2
STU0532,Civil,4,5.69,4,"['HTML', 'NLP', 'Python', 'Postman']",0,3,3,9,0,4,6,0.5690000000000001,15,0.5979073243647234,1.2,0
STU0533,Electrical,4,8.95,5,"['Postman', 'Unity', 'Flutter', 'NLP', 'GCP']",3,0,1,3,1,5,3,0.8949999999999999,5,0.5025125628140704,0.5,2
STU0534,Information Science,4,6.6,10,"['Kubernetes', 'NLP', 'Solidity', 'Kafka', 'Java', 'Docker', 'SQL', 'Deep Learning', 'Swift', 'Django']",5,2,0,3,0,10,9,0.6599999999999999,3,1.3157894736842106,0.8181818181818182,4
STU0535,Computer Science,3,9.52,5,"['MySQL', 'FastAPI', 'Linux', 'Postman', 'MongoDB']",4,2,4,2,1,5,8,0.952,10,0.4752851711026616,1.3333333333333333,1
STU0536,Electronics,4,6.77,4,"['Unity', 'AWS', 'Postman', 'Tableau']",7,1,1,9,0,4,9,0.6769999999999999,11,0.5148005148005148,1.8,3
STU0537,Mechanical,3,9.09,4,"['Swift', 'JavaScript', 'Tableau', 'NLP']",6,5,4,5,1,4,16,0.909,13,0.39643211100099107,3.2,5
STU0538,Electronics,4,6.77,9,"['AWS', 'Linux', 'Django', 'FastAPI', 'Git', 'MySQL', 'Kubernetes', 'Postman', 'Selenium']",2,0,0,9,1,9,2,0.6769999999999999,9,1.1583011583011584,0.2,3
STU0539,Electronics,4,6.73,8,"['SQL', 'Python', 'Tableau', 'Azure', 'TypeScript', 'MongoDB', 'Git', 'Power BI']",1,3,0,2,1,8,7,0.673,2,1.034928848641656,0.7777777777777778,3
STU0540,Electronics,3,5.55,9,"['Figma', 'Django', 'Kafka', 'Spark', 'Docker', 'Java', 'NLP', 'Linux', 'Postman']",7,3,4,2,0,9,13,0.5549999999999999,10,1.3740458015267176,1.3,3
STU0541,Electronics,4,6.17,3,"['Azure', 'MySQL', 'Tableau']",2,5,1,3,0,3,12,0.617,5,0.41841004184100417,3.0,3
STU0542,Civil,4,8.49,10,"['JavaScript', 'Swift', 'Tableau', 'HTML', 'Jira', 'Unity', 'Docker', 'Git', 'Figma', 'Kafka']",0,3,3,4,1,10,6,0.849,10,1.053740779768177,0.5454545454545454,0
STU0543,Information Science,4,8.57,9,"['Machine Learning', 'Kubernetes', 'Spark', 'Swift', 'Tableau', 'MySQL', 'Django', 'Python', 'Azure']",7,2,0,0,1,9,11,0.857,0,0.9404388714733543,1.1,4
STU0544,Electronics,4,6.28,5,"['FastAPI', 'HTML', 'Django', 'React', 'Embedded C']",3,5,0,7,1,5,13,0.628,7,0.6868131868131868,2.1666666666666665,3
STU0545,Information Science,4,9.13,3,"['Selenium', 'FastAPI', 'MySQL']",1,5,1,5,1,3,11,0.913,7,0.29615004935834155,2.75,4
STU0546,Information Science,3,8.24,10,"['Jira', 'Python', 'Figma', 'Selenium', 'CSS', 'Postman', 'HTML', 'Java', 'Flutter', 'NLP']",6,0,1,8,1,10,6,0.8240000000000001,10,1.0822510822510822,0.5454545454545454,4
STU0547,Information Science,4,7.28,8,"['Git', 'Jira', 'Solidity', 'Deep Learning', 'HTML', 'Power BI', 'Unity', 'Embedded C']",2,4,0,5,1,8,10,0.728,5,0.9661835748792269,1.1111111111111112,4
STU0548,Electronics,4,5.28,7,"['Flutter', 'SQL', 'Unity', 'Selenium', 'Jira', 'Git', 'HTML']",7,0,3,7,1,7,7,0.528,13,1.1146496815286624,0.875,3
STU0549,Electronics,4,5.71,7,"['HTML', 'TypeScript', 'Spark', 'Postman', 'AWS', 'Azure', 'CSS']",2,2,2,5,0,7,6,0.571,9,1.0432190760059612,0.75,3
STU0550,Mechanical,4,8.1,9,"['TypeScript', 'AWS', 'MongoDB', 'Docker', 'Kotlin', 'NLP', 'MySQL', 'Figma', 'Unity']",4,4,2,8,1,9,12,0.8099999999999999,12,0.989010989010989,1.2,5
STU0551,Information Science,3,6.21,10,"['TypeScript', 'Kubernetes', 'Python', 'Swift', 'SQL', 'Figma', 'Embedded C', 'React', 'CSS', 'Spark']",3,3,3,7,1,10,9,0.621,13,1.3869625520110958,0.8181818181818182,4
STU0552,Electronics,4,8.68,10,"['Embedded C', 'NLP', 'Power BI', 'JavaScript', 'React', 'Flutter', 'AWS', 'Figma', 'Kubernetes', 'Java']",0,4,3,3,1,10,8,0.868,9,1.0330578512396695,0.7272727272727273,3
STU0553,Mechanical,4,7.78,5,"['AWS', 'Tableau', 'Figma', 'Embedded C', 'JavaScript']",6,3,4,1,1,5,12,0.778,9,0.5694760820045557,2.0,5
STU0554,Electrical,4,7.09,10,"['Node.js', 'Docker', 'Azure', 'NLP', 'C++', 'Figma', 'MySQL', 'Machine Learning', 'HTML', 'AWS']",7,0,1,7,1,10,7,0.709,9,1.2360939431396787,0.6363636363636364,2
STU0555,Electrical,3,6.81,4,"['Figma', 'Flutter', 'Embedded C', 'Kubernetes']",2,3,0,0,0,4,8,0.6809999999999999,0,0.5121638924455826,1.6,2
STU0556,Civil,4,8.16,8,"['Docker', 'NLP', 'AWS', 'Git', 'FastAPI', 'SQL', 'Java', 'Node.js']",2,0,0,2,1,8,2,0.8160000000000001,2,0.8733624454148472,0.2222222222222222,0
STU0557,Information Science,3,6.51,5,"['Tableau', 'Java', 'AWS', 'GCP', 'Embedded C']",7,4,0,6,1,5,15,0.651,6,0.6657789613848203,2.5,4
STU0558,Electronics,3,8.29,9,"['C++', 'Flutter', 'Kotlin', 'FastAPI', 'GCP', 'Git', 'Tableau', 'AWS', 'Azure']",7,2,0,2,1,9,11,0.829,2,0.9687836383207751,1.1,3
STU0559,Electrical,4,7.01,4,"['GCP', 'AWS', 'Kubernetes', 'Spark']",0,1,1,9,1,4,2,0.701,11,0.4993757802746567,0.4,2
STU0560,Civil,4,9.8,4,"['Figma', 'GCP', 'Node.js', 'MongoDB']",2,1,2,1,0,4,4,0.9800000000000001,5,0.37037037037037035,0.8,0
STU0561,Electronics,4,8.05,3,"['Spark', 'Docker', 'Node.js']",6,3,3,8,1,3,12,0.805,14,0.3314917127071823,3.0,3
STU0562,Mechanical,4,5.24,3,"['React', 'Kafka', 'Swift']",2,4,2,3,0,3,10,0.524,7,0.4807692307692307,2.5,5
STU0563,Electronics,4,5.74,11,"['Node.js', 'Selenium', 'Django', 'C++', 'GCP', 'AWS', 'FastAPI', 'Swift', 'Kubernetes', 'MySQL', 'Linux']",5,1,3,8,0,11,7,0.5740000000000001,14,1.632047477744807,0.5833333333333334,3
STU0564,Computer Science,4,7.08,7,"['Azure', 'FastAPI', 'Postman', 'JavaScript', 'Swift', 'Linux', 'Kotlin']",1,0,2,3,1,7,1,0.708,7,0.8663366336633663,0.125,1
STU0565,Civil,3,7.63,9,"['GCP', 'CSS', 'Swift', 'Git', 'Python', 'React', 'Machine Learning', 'MongoDB', 'Linux']",5,5,4,8,1,9,15,0.763,16,1.0428736964078795,1.5,0
STU0566,Computer Science,4,6.35,7,"['Kotlin', 'Java', 'GCP', 'Solidity', 'JavaScript', 'MySQL', 'Flutter']",1,5,0,1,0,7,11,0.635,1,0.9523809523809524,1.375,1
STU0567,Mechanical,4,9.16,3,"['Spark', 'Postman', 'Selenium']",5,3,4,5,1,3,11,0.916,13,0.2952755905511811,2.75,5
STU0568,Computer Science,4,5.49,11,"['Python', 'AWS', 'Flutter', 'Node.js', 'CSS', 'Kotlin', 'Postman', 'Selenium', 'Java', 'React', 'Embedded C']",3,0,4,7,1,11,3,0.549,15,1.694915254237288,0.25,1
STU0569,Information Science,3,5.32,5,"['FastAPI', 'Python', 'Solidity', 'AWS', 'Linux']",2,1,1,3,1,5,4,0.532,5,0.7911392405063291,0.6666666666666666,4
STU0570,Electronics,4,7.19,5,"['Flutter', 'Swift', 'TypeScript', 'AWS', 'HTML']",6,5,0,5,1,5,16,0.7190000000000001,5,0.6105006105006104,2.6666666666666665,3
STU0571,Electronics,4,6.61,8,"['Flutter', 'Figma', 'HTML', 'TypeScript', 'Docker', 'CSS', 'Node.js', 'React']",2,3,0,8,0,8,8,0.661,8,1.0512483574244416,0.8888888888888888,3
STU0572,Mechanical,4,5.33,4,"['C++', 'Kotlin', 'Azure', 'Kubernetes']",5,4,0,1,0,4,13,0.533,1,0.631911532385466,2.6,5
STU0573,Computer Science,4,9.56,6,"['Kafka', 'Figma', 'GCP', 'AWS', 'Django', 'Flutter']",4,0,4,0,1,6,4,0.9560000000000001,8,0.5681818181818181,0.5714285714285714,1
STU0574,Information Science,3,5.39,9,"['Selenium', 'Django', 'Kotlin', 'Flutter', 'Jira', 'CSS', 'HTML', 'Tableau', 'Docker']",4,1,3,9,0,9,6,0.5389999999999999,15,1.4084507042253522,0.6,4
STU0575,Computer Science,4,6.33,10,"['AWS', 'Kubernetes', 'Solidity', 'NLP', 'CSS', 'Node.js', 'Jira', 'Unity', 'Docker', 'Swift']",0,4,3,5,1,10,8,0.633,11,1.364256480218281,0.7272727272727273,1
STU0576,Electronics,4,9.64,9,"['CSS', 'AWS', 'Embedded C', 'Unity', 'MongoDB', 'Jira', 'Solidity', 'Tableau', 'Java']",0,1,3,7,0,9,2,0.9640000000000001,13,0.8458646616541353,0.2,3
STU0577,Civil,4,7.07,9,"['Docker', 'SQL', 'C++', 'MongoDB', 'Kafka', 'Linux', 'Java', 'Python', 'Selenium']",3,5,3,2,1,9,13,0.7070000000000001,8,1.1152416356877324,1.3,0
STU0578,Civil,4,5.66,3,"['Power BI', 'FastAPI', 'Selenium']",2,0,4,4,0,3,2,0.5660000000000001,12,0.45045045045045046,0.5,0
STU0579,Civil,4,8.06,4,"['Django', 'Kafka', 'Embedded C', 'HTML']",2,4,4,3,1,4,10,0.806,11,0.44150110375275936,2.0,0
STU0580,Electrical,4,5.29,3,"['Kotlin', 'Figma', 'Node.js']",4,3,4,3,1,3,10,0.529,11,0.4769475357710652,2.5,2
STU0581,Electrical,4,8.18,4,"['CSS', 'Azure', 'Git', 'React']",6,2,2,3,1,4,10,0.818,7,0.4357298474945534,2.0,2
STU0582,Information Science,4,5.91,9,"['TypeScript', 'Power BI', 'Azure', 'Java', 'React', 'Figma', 'Flutter', 'Spark', 'Machine Learning']",5,3,2,6,0,9,11,0.591,10,1.3024602026049203,1.1,4
STU0583,Information Science,4,7.08,3,"['Embedded C', 'Django', 'MySQL']",0,3,3,5,0,3,6,0.708,11,0.3712871287128713,1.5,4
STU0584,Electronics,4,9.38,8,"['Figma', 'Power BI', 'Jira', 'Machine Learning', 'TypeScript', 'Azure', 'FastAPI', 'C++']",1,4,3,8,1,8,9,0.9380000000000001,14,0.770712909441233,1.0,3
STU0585,Mechanical,4,5.33,7,"['Kotlin', 'Tableau', 'HTML', 'Deep Learning', 'JavaScript', 'C++', 'Postman']",1,0,3,9,0,7,1,0.533,15,1.1058451816745656,0.125,5
STU0586,Electrical,4,5.82,7,"['SQL', 'React', 'GCP', 'Python', 'Unity', 'Deep Learning', 'FastAPI']",6,3,4,3,1,7,12,0.5820000000000001,11,1.0263929618768328,1.5,2
STU0587,Mechanical,4,6.74,7,"['JavaScript', 'Kafka', 'TypeScript', 'Django', 'AWS', 'Linux', 'Python']",1,3,1,3,0,7,7,0.674,5,0.9043927648578811,0.875,5
STU0588,Information Science,3,5.7,9,"['TypeScript', 'Java', 'Figma', 'HTML', 'Flutter', 'SQL', 'Machine Learning', 'Docker', 'C++']",3,0,3,0,0,9,3,0.5700000000000001,6,1.3432835820895521,0.3,4
STU0589,Information Science,3,9.03,7,"['Flutter', 'NLP', 'Spark', 'Solidity', 'Figma', 'Linux', 'Node.js']",4,5,0,6,1,7,14,0.9029999999999999,6,0.6979062811565304,1.75,4
STU0590,Electrical,4,8.25,11,"['Deep Learning', 'Azure', 'GCP', 'TypeScript', 'Git', 'React', 'Tableau', 'Figma', 'Postman', 'Python', 'Unity']",3,5,0,6,1,11,13,0.825,6,1.1891891891891893,1.0833333333333333,2
STU0591,Electronics,4,6.82,10,"['CSS', 'C++', 'Linux', 'Jira', 'AWS', 'MongoDB', 'Machine Learning', 'Kubernetes', 'Git', 'Embedded C']",0,0,3,4,0,10,0,0.682,10,1.278772378516624,0.0,3
STU0592,Information Science,4,7.3,6,"['CSS', 'C++', 'Postman', 'NLP', 'Tableau', 'Machine Learning']",6,0,2,9,1,6,6,0.73,13,0.7228915662650601,0.8571428571428571,4
STU0593,Mechanical,4,7.47,6,"['CSS', 'NLP', 'Azure', 'Postman', 'Figma', 'Flutter']",0,5,1,7,0,6,10,0.747,9,0.7083825265643449,1.4285714285714286,5
STU0594,Computer Science,3,6.64,9,"['Tableau', 'Linux', 'Docker', 'Machine Learning', 'Kafka', 'FastAPI', 'Kubernetes', 'Postman', 'Azure']",0,4,4,8,0,9,8,0.6639999999999999,16,1.1780104712041886,0.8,1
STU0595,Information Science,4,6.51,11,"['React', 'Deep Learning', 'Kotlin', 'Machine Learning', 'Git', 'MongoDB', 'Django', 'Linux', 'CSS', 'FastAPI', 'SQL']",1,5,0,3,0,11,11,0.651,3,1.4647137150466045,0.9166666666666666,4
STU0596,Information Science,3,5.26,8,"['Flutter', 'Python', 'Java', 'Kafka', 'FastAPI', 'Kotlin', 'Power BI', 'CSS']",6,1,1,6,1,8,8,0.526,8,1.2779552715654952,0.8888888888888888,4
STU0597,Mechanical,4,8.61,9,"['Kubernetes', 'C++', 'Solidity', 'Spark', 'React', 'Machine Learning', 'Postman', 'Kafka', 'MongoDB']",0,5,2,7,1,9,10,0.861,11,0.9365244536940688,1.0,5
STU0598,Mechanical,4,8.58,7,"['Docker', 'MySQL', 'Postman', 'CSS', 'Kotlin', 'Flutter', 'Jira']",0,4,1,9,1,7,8,0.858,11,0.7306889352818372,1.0,5
STU0599,Information Science,4,7.32,11,"['Git', 'Figma', 'Docker', 'SQL', 'Flutter', 'MongoDB', 'AWS', 'Solidity', 'Kafka', 'Spark', 'Java']",2,5,0,3,1,11,12,0.732,3,1.3221153846153846,1.0,4
STU0600,Computer Science,4,7.58,4,"['Docker', 'Figma', 'React', 'Power BI']",7,3,0,0,1,4,13,0.758,0,0.4662004662004662,2.6,1
STU0601,Information Science,3,6.93,8,"['MySQL', 'Python', 'TypeScript', 'Git', 'Machine Learning', 'C++', 'Node.js', 'Selenium']",4,3,4,6,0,8,10,0.693,14,1.008827238335435,1.1111111111111112,4
STU0602,Electrical,4,8.05,4,"['Spark', 'Power BI', 'Django', 'Azure']",3,0,1,4,1,4,3,0.805,6,0.4419889502762431,0.6,2
STU0603,Mechanical,3,7.67,6,"['SQL', 'HTML', 'Docker', 'Figma', 'Git', 'GCP']",7,3,2,6,1,6,13,0.767,10,0.6920415224913495,1.8571428571428572,5
STU0604,Civil,4,8.04,11,"['Kotlin', 'CSS', 'Jira', 'FastAPI', 'Deep Learning', 'Spark', 'Postman', 'Tableau', 'NLP', 'Node.js', 'Azure']",0,3,0,0,1,11,6,0.8039999999999999,0,1.2168141592920354,0.5,0
STU0605,Electrical,4,7.8,6,"['MongoDB', 'Flutter', 'Selenium', 'Node.js', 'Azure', 'Docker']",4,2,2,2,1,6,8,0.78,6,0.6818181818181818,1.1428571428571428,2
STU0606,Electrical,4,9.54,7,"['Power BI', 'Django', 'Kafka', 'Flutter', 'Embedded C', 'C++', 'SQL']",2,1,1,8,1,7,4,0.954,10,0.6641366223908919,0.5,2
STU0607,Computer Science,3,9.71,3,"['Docker', 'Git', 'Selenium']",4,2,0,2,1,3,8,0.9710000000000001,2,0.2801120448179272,2.0,1
STU0608,Mechanical,4,7.76,6,"['MongoDB', 'React', 'Swift', 'Embedded C', 'Kubernetes', 'JavaScript']",2,2,3,2,1,6,6,0.776,8,0.684931506849315,0.8571428571428571,5
STU0609,Information Science,3,9.17,6,"['Selenium', 'AWS', 'MongoDB', 'Linux', 'Spark', 'Solidity']",2,0,2,3,1,6,2,0.917,7,0.5899705014749262,0.2857142857142857,4
STU0610,Civil,3,7.47,6,"['Kubernetes', 'TypeScript', 'JavaScript', 'Tableau', 'Power BI', 'Flutter']",6,0,2,2,1,6,6,0.747,6,0.7083825265643449,0.8571428571428571,0
STU0611,Electrical,4,5.22,4,"['Kotlin', 'HTML', 'GCP', 'NLP']",7,0,4,5,1,4,7,0.522,13,0.6430868167202572,1.4,2
STU0612,Mechanical,4,5.34,4,"['FastAPI', 'Jira', 'Kafka', 'AWS']",7,4,2,9,0,4,15,0.534,13,0.6309148264984227,3.0,5
STU0613,Computer Science,4,8.01,11,"['Selenium', 'Docker', 'HTML', 'Git', 'Machine Learning', 'Figma', 'Kubernetes', 'Linux', 'Unity', 'NLP', 'React']",1,1,0,3,1,11,3,0.8009999999999999,3,1.2208657047724751,0.25,1
STU0614,Mechanical,3,6.6,9,"['Git', 'Java', 'MySQL', 'CSS', 'Kotlin', 'AWS', 'Deep Learning', 'GCP', 'Django']",5,0,0,8,0,9,5,0.6599999999999999,8,1.1842105263157896,0.5,5
STU0615,Civil,4,6.76,9,"['JavaScript', 'SQL', 'Swift', 'Kotlin', 'Linux', 'MySQL', 'React', 'MongoDB', 'FastAPI']",3,2,1,1,0,9,7,0.6759999999999999,3,1.1597938144329898,0.7,0
STU0616,Computer Science,4,6.08,9,"['CSS', 'Docker', 'Power BI', 'Git', 'SQL', 'Python', 'Django', 'Deep Learning', 'Linux']",6,2,1,7,0,9,10,0.608,9,1.271186440677966,1.0,1
STU0617,Computer Science,4,8.95,5,"['React', 'AWS', 'Python', 'GCP', 'Jira']",0,3,3,4,1,5,6,0.8949999999999999,10,0.5025125628140704,1.0,1
STU0618,Electronics,4,9.42,5,"['Postman', 'Python', 'Azure', 'AWS', 'Embedded C']",6,5,1,8,1,5,16,0.942,10,0.4798464491362764,2.6666666666666665,3
STU0619,Electrical,4,7.59,9,"['Tableau', 'CSS', 'Swift', 'Postman', 'Figma', 'Linux', 'Unity', 'MongoDB', 'Java']",3,5,2,4,1,9,13,0.759,8,1.0477299185098952,1.3,2
STU0620,Computer Science,4,8.13,10,"['Java', 'JavaScript', 'FastAPI', 'Flutter', 'HTML', 'Embedded C', 'TypeScript', 'NLP', 'Spark', 'Swift']",6,1,4,1,1,10,8,0.8130000000000001,9,1.0952902519167578,0.7272727272727273,1
STU0621,Information Science,4,6.46,5,"['GCP', 'Flutter', 'Java', 'Deep Learning', 'Machine Learning']",1,0,2,3,0,5,1,0.646,7,0.6702412868632708,0.16666666666666666,4
STU0622,Civil,4,6.1,8,"['NLP', 'MongoDB', 'Azure', 'Linux', 'Figma', 'TypeScript', 'HTML', 'Power BI']",3,3,3,2,0,8,9,0.61,8,1.1267605633802817,1.0,0
STU0623,Electrical,4,7.24,3,"['FastAPI', 'Azure', 'MySQL']",6,0,4,4,0,3,6,0.724,12,0.3640776699029126,1.5,2
STU0624,Civil,4,8.15,6,"['NLP', 'JavaScript', 'CSS', 'Swift', 'MongoDB', 'Power BI']",7,1,1,4,1,6,9,0.8150000000000001,6,0.6557377049180327,1.2857142857142858,0
STU0625,Information Science,4,6.94,10,"['React', 'Kubernetes', 'GCP', 'Embedded C', 'Django', 'Git', 'Azure', 'Swift', 'Linux', 'Flutter']",4,0,0,5,0,10,4,0.6940000000000001,5,1.2594458438287153,0.36363636363636365,4
STU0626,Electronics,3,7.79,3,"['Tableau', 'C++', 'Python']",1,3,3,1,0,3,7,0.779,7,0.3412969283276451,1.75,3
STU0627,Civil,4,7.93,10,"['MySQL', 'Postman', 'Django', 'C++', 'Flutter', 'MongoDB', 'Jira', 'CSS', 'React', 'Selenium']",6,4,2,8,1,10,14,0.7929999999999999,12,1.1198208286674132,1.2727272727272727,0
STU0628,Civil,4,8.84,6,"['GCP', 'Selenium', 'JavaScript', 'MySQL', 'Swift', 'Flutter']",7,4,2,8,1,6,15,0.884,12,0.6097560975609756,2.142857142857143,0
STU0629,Mechanical,4,8.33,6,"['Node.js', 'Flutter', 'NLP', 'TypeScript', 'Postman', 'Unity']",1,4,4,0,1,6,9,0.833,8,0.6430868167202572,1.2857142857142858,5
STU0630,Electrical,4,8.62,11,"['Power BI', 'Python', 'Tableau', 'TypeScript', 'Docker', 'Spark', 'AWS', 'MySQL', 'Solidity', 'Java', 'SQL']",6,0,0,9,1,11,6,0.8619999999999999,9,1.1434511434511436,0.5,2
STU0631,Mechanical,4,9.07,5,"['CSS', 'NLP', 'Postman', 'Kubernetes', 'C++']",5,0,1,3,1,5,5,0.907,5,0.4965243296921549,0.8333333333333334,5
STU0632,Information Science,3,7.24,6,"['Postman', 'Swift', 'Tableau', 'Selenium', 'Node.js', 'MySQL']",5,4,3,2,1,6,13,0.724,8,0.7281553398058253,1.8571428571428572,4
STU0633,Computer Science,4,7.26,5,"['Flutter', 'Docker', 'FastAPI', 'Git', 'Kubernetes']",7,0,2,8,1,5,7,0.726,12,0.6053268765133172,1.1666666666666667,1
STU0634,Computer Science,4,6.95,10,"['Figma', 'CSS', 'Swift', 'Solidity', 'JavaScript', 'Postman', 'NLP', 'Power BI', 'MySQL', 'TypeScript']",1,5,4,8,1,10,11,0.6950000000000001,16,1.2578616352201257,1.0,1
STU0635,Mechanical,4,6.79,5,"['Django', 'JavaScript', 'Node.js', 'Deep Learning', 'React']",7,5,1,4,1,5,17,0.679,6,0.6418485237483954,2.8333333333333335,5
STU0636,Computer Science,3,6.42,7,"['Deep Learning', 'JavaScript', 'C++', 'SQL', 'Django', 'Kotlin', 'AWS']",5,1,4,3,1,7,7,0.642,11,0.9433962264150944,0.875,1
STU0637,Mechanical,4,6.56,3,"['Git', 'Node.js', 'Power BI']",1,3,4,2,1,3,7,0.6559999999999999,10,0.39682539682539686,1.75,5
STU0638,Computer Science,4,7.44,8,"['Machine Learning', 'Flutter', 'HTML', 'Java', 'Linux', 'C++', 'Postman', 'Django']",4,3,1,6,1,8,10,0.744,8,0.947867298578199,1.1111111111111112,1
STU0639,Electrical,3,8.92,10,"['Docker', 'Django', 'Solidity', 'Node.js', 'Figma', 'Tableau', 'Git', 'MongoDB', 'Flutter', 'MySQL']",2,5,1,1,1,10,12,0.892,3,1.0080645161290323,1.0909090909090908,2
STU0640,Electronics,4,8.23,7,"['React', 'Postman', 'HTML', 'NLP', 'Docker', 'C++', 'Git']",5,3,3,7,1,7,11,0.8230000000000001,13,0.7583965330444203,1.375,3
STU0641,Civil,3,5.92,8,"['C++', 'Unity', 'Spark', 'Django', 'Tableau', 'Power BI', 'Embedded C', 'Azure']",7,2,4,4,0,8,11,0.592,12,1.1560693641618498,1.2222222222222223,0
STU0642,Electronics,4,9.76,4,"['Git', 'Swift', 'Kubernetes', 'Kafka']",0,0,1,0,1,4,0,0.976,2,0.3717472118959108,0.0,3
STU0643,Civil,4,8.03,10,"['Kotlin', 'C++', 'AWS', 'Power BI', 'Figma', 'Unity', 'FastAPI', 'HTML', 'Jira', 'MySQL']",0,4,0,8,1,10,8,0.8029999999999999,8,1.1074197120708749,0.7272727272727273,0
STU0644,Electrical,3,8.19,7,"['Node.js', 'CSS', 'Python', 'Swift', 'Power BI', 'Git', 'Kafka']",3,0,1,4,1,7,3,0.819,6,0.7616974972796519,0.375,2
STU0645,Civil,4,5.19,6,"['Unity', 'Jira', 'Flutter', 'Deep Learning', 'React', 'Embedded C']",2,0,0,1,0,6,2,0.519,1,0.9693053311793214,0.2857142857142857,0
STU0646,Computer Science,4,9.16,11,"['NLP', 'C++', 'Deep Learning', 'CSS', 'Kafka', 'Machine Learning', 'Tableau', 'HTML', 'Selenium', 'Spark', 'TypeScript']",7,4,3,3,1,11,15,0.916,9,1.0826771653543308,1.25,1
STU0647,Electrical,3,6.99,11,"['Kafka', 'SQL', 'Node.js', 'GCP', 'Linux', 'Docker', 'Git', 'Jira', 'HTML', 'CSS', 'Python']",0,3,2,7,0,11,6,0.6990000000000001,11,1.3767209011264079,0.5,2
STU0648,Computer Science,4,6.16,6,"['Machine Learning', 'Flutter', 'Python', 'Kotlin', 'CSS', 'Power BI']",3,1,4,6,1,6,5,0.616,14,0.8379888268156425,0.7142857142857143,1
STU0649,Electrical,4,9.67,3,"['Kotlin', 'FastAPI', 'Azure']",5,3,2,1,1,3,11,0.967,5,0.28116213683223995,2.75,2
STU0650,Civil,4,6.55,5,"['FastAPI', 'Kubernetes', 'JavaScript', 'SQL', 'Power BI']",7,5,0,3,0,5,17,0.655,3,0.6622516556291391,2.8333333333333335,0
STU0651,Information Science,3,9.37,6,"['Deep Learning', 'FastAPI', 'Postman', 'Docker', 'CSS', 'Git']",4,0,4,8,1,6,4,0.9369999999999999,16,0.5785920925747349,0.5714285714285714,4
STU0652,Information Science,4,9.26,10,"['Git', 'React', 'MySQL', 'Machine Learning', 'Power BI', 'MongoDB', 'Java', 'Docker', 'Kubernetes', 'C++']",1,5,3,5,1,10,11,0.9259999999999999,11,0.9746588693957116,1.0,4
STU0653,Electronics,4,5.07,11,"['Flutter', 'Docker', 'TypeScript', 'Postman', 'Machine Learning', 'GCP', 'Django', 'AWS', 'Embedded C', 'Deep Learning', 'Spark']",5,3,4,7,0,11,11,0.507,15,1.8121911037891267,0.9166666666666666,3
STU0654,Civil,4,7.0,7,"['Flutter', 'TypeScript', 'Node.js', 'HTML', 'Machine Learning', 'Kubernetes', 'Deep Learning']",7,3,1,6,0,7,13,0.7,8,0.875,1.625,0
STU0655,Mechanical,3,9.08,3,"['Jira', 'SQL', 'Spark']",1,3,3,1,1,3,7,0.908,7,0.2976190476190476,1.75,5
STU0656,Civil,4,8.33,11,"['Kafka', 'Deep Learning', 'MongoDB', 'Kubernetes', 'Flutter', 'Spark', 'JavaScript', 'C++', 'CSS', 'Java', 'React']",2,4,1,4,1,11,10,0.833,6,1.1789924973204715,0.8333333333333334,0
STU0657,Information Science,4,9.41,10,"['Postman', 'JavaScript', 'MySQL', 'Spark', 'Kotlin', 'Git', 'Python', 'Django', 'MongoDB', 'GCP']",3,4,4,0,1,10,11,0.9410000000000001,8,0.9606147934678194,1.0,4
STU0658,Electrical,4,8.0,5,"['Git', 'Swift', 'Django', 'Machine Learning', 'CSS']",4,5,4,1,1,5,14,0.8,9,0.5555555555555556,2.3333333333333335,2
STU0659,Information Science,4,7.62,5,"['FastAPI', 'NLP', 'Linux', 'MongoDB', 'JavaScript']",5,3,2,1,1,5,11,0.762,5,0.5800464037122969,1.8333333333333333,4
STU0660,Information Science,4,8.99,11,"['Postman', 'Machine Learning', 'Swift', 'MongoDB', 'Node.js', 'Kubernetes', 'Python', 'Unity', 'CSS', 'React', 'TypeScript']",0,2,4,9,1,11,4,0.899,17,1.1011011011011012,0.3333333333333333,4
STU0661,Civil,4,8.61,10,"['GCP', 'TypeScript', 'Jira', 'Solidity', 'Kafka', 'JavaScript', 'Deep Learning', 'Node.js', 'Python', 'Django']",3,2,1,7,1,10,7,0.861,9,1.040582726326743,0.6363636363636364,0
STU0662,Information Science,4,6.43,4,"['Java', 'HTML', 'Embedded C', 'CSS']",0,0,3,4,0,4,0,0.643,10,0.5383580080753702,0.0,4
STU0663,Civil,4,7.2,10,"['CSS', 'Java', 'Linux', 'Embedded C', 'Swift', 'Kafka', 'GCP', 'Jira', 'Git', 'MongoDB']",7,4,0,6,1,10,15,0.72,6,1.2195121951219514,1.3636363636363635,0
STU0664,Electrical,4,7.29,7,"['Swift', 'Jira', 'Power BI', 'Embedded C', 'FastAPI', 'Django', 'Java']",0,5,0,2,0,7,10,0.729,2,0.8443908323281062,1.25,2
STU0665,Electrical,4,9.72,3,"['Java', 'React', 'MongoDB']",1,3,3,0,1,3,7,0.9720000000000001,6,0.2798507462686567,1.75,2
STU0666,Electronics,4,8.9,10,"['Selenium', 'JavaScript', 'NLP', 'Embedded C', 'Figma', 'Deep Learning', 'React', 'TypeScript', 'AWS', 'Docker']",1,3,3,3,1,10,7,0.89,9,1.0101010101010102,0.6363636363636364,3
STU0667,Civil,4,6.07,7,"['Spark', 'MongoDB', 'HTML', 'Kubernetes', 'Swift', 'Kotlin', 'TypeScript']",4,4,3,5,0,7,12,0.607,11,0.9900990099009901,1.5,0
STU0668,Mechanical,4,7.25,6,"['Embedded C', 'Kotlin', 'Azure', 'Git', 'FastAPI', 'Node.js']",4,2,4,4,1,6,8,0.725,12,0.7272727272727273,1.1428571428571428,5
STU0669,Electronics,4,7.14,9,"['CSS', 'AWS', 'NLP', 'MongoDB', 'Selenium', 'Figma', 'Python', 'Postman', 'Kotlin']",1,2,1,8,1,9,5,0.714,10,1.1056511056511056,0.5,3
STU0670,Civil,4,6.74,3,"['Power BI', 'MongoDB', 'CSS']",4,2,4,8,0,3,8,0.674,16,0.38759689922480617,2.0,0
STU0671,Electronics,4,8.04,7,"['Kotlin', 'JavaScript', 'Embedded C', 'Django', 'Machine Learning', 'Swift', 'Deep Learning']",0,0,1,8,0,7,0,0.8039999999999999,10,0.7743362831858408,0.0,3
STU0672,Mechanical,4,5.42,5,"['Tableau', 'Linux', 'Git', 'Embedded C', 'MySQL']",0,3,2,1,1,5,6,0.542,5,0.778816199376947,1.0,5
STU0673,Civil,4,9.73,6,"['HTML', 'Deep Learning', 'Solidity', 'Java', 'MongoDB', 'FastAPI']",5,0,1,0,1,6,5,0.9730000000000001,2,0.5591798695246971,0.7142857142857143,0
STU0674,Civil,4,6.46,4,"['GCP', 'MySQL', 'Postman', 'Azure']",5,5,1,0,1,4,15,0.646,2,0.5361930294906166,3.0,0
STU0675,Computer Science,4,8.46,5,"['Java', 'Jira', 'Unity', 'Linux', 'HTML']",6,5,0,2,1,5,16,0.8460000000000001,2,0.5285412262156448,2.6666666666666665,1
STU0676,Information Science,4,6.68,7,"['Tableau', 'Swift', 'Selenium', 'Linux', 'Jira', 'Django', 'Spark']",7,2,1,1,0,7,11,0.6679999999999999,3,0.9114583333333334,1.375,4
STU0677,Electrical,4,7.25,5,"['Spark', 'MongoDB', 'TypeScript', 'Kafka', 'Deep Learning']",4,4,2,7,1,5,12,0.725,11,0.6060606060606061,2.0,2
STU0678,Electrical,4,9.17,3,"['CSS', 'Flutter', 'HTML']",2,4,3,7,1,3,10,0.917,13,0.2949852507374631,2.5,2
STU0679,Civil,4,5.81,11,"['Spark', 'AWS', 'Azure', 'Node.js', 'TypeScript', 'C++', 'Power BI', 'Kubernetes', 'MySQL', 'Kafka', 'Kotlin']",0,0,0,3,0,11,0,0.581,3,1.6152716593245229,0.0,0
STU0680,Computer Science,3,9.24,9,"['Figma', 'Spark', 'FastAPI', 'JavaScript', 'Linux', 'SQL', 'TypeScript', 'AWS', 'Kafka']",1,4,3,8,1,9,9,0.924,14,0.87890625,0.9,1
STU0681,Computer Science,4,6.83,11,"['Power BI', 'Solidity', 'Tableau', 'Kubernetes', 'Kafka', 'Django', 'CSS', 'HTML', 'Unity', 'Embedded C', 'TypeScript']",2,2,1,0,1,11,6,0.683,2,1.40485312899106,0.5,1
STU0682,Information Science,4,9.22,11,"['Azure', 'Swift', 'Kafka', 'GCP', 'Postman', 'Unity', 'FastAPI', 'Java', 'AWS', 'Docker', 'Flutter']",7,4,4,5,1,11,15,0.922,13,1.0763209393346378,1.25,4
STU0683,Electrical,4,9.47,11,"['SQL', 'Linux', 'HTML', 'Postman', 'Deep Learning', 'Kafka', 'Swift', 'CSS', 'Azure', 'FastAPI', 'Power BI']",1,4,4,1,1,11,9,0.9470000000000001,9,1.0506208213944603,0.75,2
STU0684,Electrical,3,5.73,10,"['React', 'SQL', 'Postman', 'TypeScript', 'Solidity', 'Unity', 'Java', 'Kotlin', 'GCP', 'Power BI']",7,0,2,2,0,10,7,0.5730000000000001,6,1.4858841010401187,0.6363636363636364,2
STU0685,Computer Science,4,7.05,7,"['Figma', 'Embedded C', 'GCP', 'HTML', 'Python', 'Kotlin', 'Django']",5,1,0,4,1,7,7,0.705,4,0.8695652173913043,0.875,1
STU0686,Mechanical,4,8.19,6,"['NLP', 'Kubernetes', 'Embedded C', 'Postman', 'HTML', 'Spark']",2,5,1,4,1,6,12,0.819,6,0.6528835690968444,1.7142857142857142,5
STU0687,Mechanical,4,6.73,11,"['Docker', 'Tableau', 'Kubernetes', 'Machine Learning', 'Embedded C', 'Python', 'Figma', 'NLP', 'Azure', 'Spark', 'Solidity']",2,0,0,6,1,11,2,0.673,6,1.4230271668822767,0.16666666666666666,5
STU0688,Civil,4,7.04,10,"['Django', 'Jira', 'C++', 'Deep Learning', 'Spark', 'Kafka', 'Unity', 'Postman', 'Flutter', 'MongoDB']",5,5,0,0,1,10,15,0.704,0,1.2437810945273633,1.3636363636363635,0
STU0689,Mechanical,4,7.9,11,"['Node.js', 'Kafka', 'Docker', 'Azure', 'JavaScript', 'Power BI', 'React', 'Kubernetes', 'Tableau', 'Machine Learning', 'MySQL']",3,2,4,4,1,11,7,0.79,12,1.2359550561797752,0.5833333333333334,5
STU0690,Information Science,4,6.33,4,"['Kubernetes', 'Jira', 'Figma', 'Swift']",4,0,3,0,0,4,4,0.633,6,0.5457025920873124,0.8,4
STU0691,Civil,3,6.71,6,"['Swift', 'Node.js', 'Linux', 'Django', 'Machine Learning', 'MongoDB']",6,1,2,6,0,6,8,0.671,10,0.7782101167315175,1.1428571428571428,0
STU0692,Electrical,4,8.7,5,"['React', 'Kotlin', 'CSS', 'Figma', 'Swift']",2,1,2,0,1,5,4,0.8699999999999999,4,0.5154639175257733,0.6666666666666666,2
STU0693,Electronics,4,6.53,7,"['Linux', 'Azure', 'Kotlin', 'Postman', 'React', 'Solidity', 'FastAPI']",5,0,0,4,1,7,5,0.653,4,0.9296148738379814,0.625,3
STU0694,Computer Science,4,8.12,4,"['Git', 'NLP', 'Tableau', 'Python']",7,4,1,7,1,4,15,0.8119999999999999,9,0.4385964912280702,3.0,1
STU0695,Information Science,4,7.17,3,"['SQL', 'MySQL', 'Git']",7,5,4,7,0,3,17,0.717,15,0.36719706242350064,4.25,4
STU0696,Civil,4,7.48,6,"['Spark', 'Machine Learning', 'Java', 'AWS', 'NLP', 'Power BI']",4,0,2,6,1,6,4,0.748,10,0.7075471698113207,0.5714285714285714,0
STU0697,Computer Science,3,8.04,10,"['Power BI', 'Java', 'MongoDB', 'Figma', 'Unity', 'CSS', 'Tableau', 'Kafka', 'Linux', 'Jira']",6,4,4,8,1,10,14,0.8039999999999999,16,1.106194690265487,1.2727272727272727,1
STU0698,Electrical,4,5.18,5,"['CSS', 'Git', 'SQL', 'Unity', 'NLP']",2,3,3,6,0,5,8,0.518,12,0.8090614886731392,1.3333333333333333,2
STU0699,Electrical,4,8.65,7,"['Spark', 'Jira', 'Solidity', 'Unity', 'Azure', 'Node.js', 'Deep Learning']",7,2,2,7,1,7,11,0.865,11,0.7253886010362695,1.375,2
STU0700,Civil,4,5.55,7,"['Tableau', 'Swift', 'JavaScript', 'TypeScript', 'C++', 'Embedded C', 'Figma']",6,3,4,4,1,7,12,0.5549999999999999,12,1.0687022900763359,1.5,0
STU0701,Electronics,4,9.32,8,"['SQL', 'Deep Learning', 'C++', 'Kafka', 'CSS', 'Unity', 'Spark', 'Git']",7,1,2,5,1,8,9,0.932,9,0.7751937984496123,1.0,3
STU0702,Information Science,4,5.35,5,"['Python', 'Figma', 'FastAPI', 'AWS', 'Selenium']",2,2,1,0,1,5,6,0.5349999999999999,2,0.7874015748031497,1.0,4
STU0703,Electronics,4,9.65,5,"['TypeScript', 'Figma', 'Linux', 'JavaScript', 'Swift']",6,2,0,8,1,5,10,0.9650000000000001,8,0.4694835680751174,1.6666666666666667,3
STU0704,Information Science,4,9.46,8,"['AWS', 'Java', 'Selenium', 'FastAPI', 'NLP', 'Node.js', 'Docker', 'Jira']",7,5,1,7,1,8,17,0.9460000000000001,9,0.7648183556405354,1.8888888888888888,4
STU0705,Mechanical,3,9.04,5,"['SQL', 'JavaScript', 'Java', 'Git', 'Embedded C']",0,4,4,4,1,5,8,0.9039999999999999,12,0.4980079681274901,1.3333333333333333,5
STU0706,Civil,4,8.51,11,"['NLP', 'Unity', 'Embedded C', 'Power BI', 'CSS', 'Git', 'Node.js', 'Docker', 'Spark', 'Django', 'C++']",0,4,2,6,1,11,8,0.851,10,1.156677181913775,0.6666666666666666,0
STU0707,Information Science,4,5.99,10,"['Node.js', 'Machine Learning', 'CSS', 'Python', 'Docker', 'Kafka', 'Postman', 'Solidity', 'JavaScript', 'Unity']",6,1,3,3,0,10,8,0.599,9,1.4306151645207439,0.7272727272727273,4
STU0708,Civil,4,8.99,11,"['Power BI', 'Kafka', 'Figma', 'Python', 'AWS', 'Kubernetes', 'Tableau', 'JavaScript', 'React', 'TypeScript', 'C++']",6,2,1,6,1,11,10,0.899,8,1.1011011011011012,0.8333333333333334,0
STU0709,Computer Science,3,9.49,6,"['Kotlin', 'NLP', 'Spark', 'Jira', 'MongoDB', 'Figma']",1,5,2,2,1,6,11,0.9490000000000001,6,0.5719733079122974,1.5714285714285714,1
STU0710,Mechanical,4,6.54,10,"['Postman', 'Swift', 'Azure', 'Flutter', 'JavaScript', 'Embedded C', 'Kafka', 'CSS', 'Jira', 'Java']",1,3,2,2,0,10,7,0.654,6,1.3262599469496021,0.6363636363636364,5
STU0711,Civil,3,8.57,11,"['Linux', 'Python', 'Docker', 'SQL', 'Solidity', 'Unity', 'MongoDB', 'Azure', 'Figma', 'Git', 'Swift']",6,5,2,3,1,11,16,0.857,7,1.1494252873563218,1.3333333333333333,0
STU0712,Mechanical,4,8.35,8,"['CSS', 'Selenium', 'TypeScript', 'Machine Learning', 'Linux', 'Java', 'NLP', 'HTML']",5,1,3,1,1,8,7,0.835,7,0.8556149732620321,0.7777777777777778,5
STU0713,Computer Science,4,8.92,6,"['Linux', 'Deep Learning', 'GCP', 'MySQL', 'AWS', 'Flutter']",3,2,3,8,1,6,7,0.892,14,0.6048387096774194,1.0,1
STU0714,Computer Science,3,5.07,4,"['AWS', 'Kafka', 'Tableau', 'JavaScript']",0,2,3,4,1,4,4,0.507,10,0.6589785831960461,0.8,1
STU0715,Information Science,3,5.86,5,"['GCP', 'SQL', 'Machine Learning', 'HTML', 'AWS']",2,2,4,9,0,5,6,0.5860000000000001,17,0.7288629737609329,1.0,4
STU0716,Civil,3,9.28,11,"['TypeScript', 'MongoDB', 'MySQL', 'Java', 'FastAPI', 'CSS', 'Azure', 'Docker', 'Deep Learning', 'Flutter', 'Kafka']",0,2,1,4,1,11,4,0.9279999999999999,6,1.0700389105058365,0.3333333333333333,0
STU0717,Civil,3,5.65,10,"['Kafka', 'HTML', 'Swift', 'SQL', 'Tableau', 'CSS', 'MySQL', 'Java', 'Unity', 'Azure']",6,3,3,2,0,10,12,0.5650000000000001,8,1.5037593984962405,1.0909090909090908,0
STU0718,Civil,4,5.25,10,"['Selenium', 'Postman', 'React', 'Kafka', 'Tableau', 'CSS', 'Azure', 'MySQL', 'FastAPI', 'SQL']",4,3,1,0,0,10,10,0.525,2,1.6,0.9090909090909091,0
STU0719,Civil,4,9.36,9,"['Tableau', 'Solidity', 'Node.js', 'React', 'Kubernetes', 'Deep Learning', 'JavaScript', 'NLP', 'MySQL']",5,5,1,0,1,9,15,0.9359999999999999,2,0.8687258687258688,1.5,0
STU0720,Information Science,4,6.86,6,"['Kotlin', 'AWS', 'Machine Learning', 'FastAPI', 'Swift', 'CSS']",5,2,2,5,0,6,9,0.686,9,0.7633587786259541,1.2857142857142858,4
STU0721,Electronics,3,5.46,8,"['Machine Learning', 'Git', 'React', 'Java', 'MySQL', 'Kotlin', 'SQL', 'Figma']",5,1,0,3,0,8,7,0.546,3,1.238390092879257,0.7777777777777778,3
STU0722,Mechanical,3,8.37,6,"['Java', 'Figma', 'Kubernetes', 'Deep Learning', 'Docker', 'Power BI']",1,5,4,2,1,6,11,0.837,10,0.64034151547492,1.5714285714285714,5
STU0723,Mechanical,4,8.81,7,"['Unity', 'Power BI', 'Selenium', 'Solidity', 'AWS', 'Linux', 'Kubernetes']",6,0,0,0,1,7,6,0.881,0,0.7135575942915392,0.75,5
STU0724,Civil,4,8.45,11,"['Flutter', 'FastAPI', 'Kafka', 'MongoDB', 'Docker', 'Selenium', 'React', 'Spark', 'Embedded C', 'Django', 'Figma']",6,3,3,3,1,11,12,0.845,9,1.1640211640211642,1.0,0
STU0725,Mechanical,3,5.87,3,"['Unity', 'Power BI', 'React']",2,4,2,4,0,3,10,0.587,8,0.4366812227074236,2.5,5
STU0726,Information Science,3,6.48,11,"['Selenium', 'Unity', 'TypeScript', 'Machine Learning', 'AWS', 'Flutter', 'Java', 'Embedded C', 'Linux', 'Node.js', 'Python']",3,1,2,1,0,11,5,0.648,5,1.4705882352941175,0.4166666666666667,4
STU0727,Civil,4,5.79,8,"['JavaScript', 'MongoDB', 'Selenium', 'Linux', 'MySQL', 'Docker', 'FastAPI', 'Jira']",2,2,0,7,0,8,6,0.579,7,1.1782032400589102,0.6666666666666666,0
STU0728,Electronics,4,8.68,7,"['Jira', 'Git', 'Power BI', 'Tableau', 'Django', 'NLP', 'Postman']",2,4,1,3,1,7,10,0.868,5,0.7231404958677686,1.25,3
STU0729,Computer Science,3,7.72,8,"['Django', 'HTML', 'SQL', 'TypeScript', 'React', 'Machine Learning', 'Kotlin', 'AWS']",2,3,0,3,1,8,8,0.772,3,0.9174311926605506,0.8888888888888888,1
STU0730,Electronics,3,6.86,10,"['SQL', 'CSS', 'FastAPI', 'Machine Learning', 'Docker', 'AWS', 'Azure', 'Java', 'Flutter', 'Figma']",3,3,1,5,1,10,9,0.686,7,1.272264631043257,0.8181818181818182,3
STU0731,Civil,3,8.43,7,"['SQL', 'HTML', 'Figma', 'Node.js', 'Flutter', 'Java', 'JavaScript']",0,1,4,9,0,7,2,0.843,17,0.7423117709437964,0.25,0
STU0732,Mechanical,4,5.89,9,"['Jira', 'Kotlin', 'Git', 'Flutter', 'SQL', 'Machine Learning', 'MySQL', 'Spark', 'Kubernetes']",5,0,0,5,0,9,5,0.589,5,1.3062409288824384,0.5,5
STU0733,Electrical,3,6.65,8,"['Deep Learning', 'Unity', 'AWS', 'Swift', 'Python', 'JavaScript', 'Power BI', 'Tableau']",6,3,4,6,0,8,12,0.665,14,1.0457516339869282,1.3333333333333333,2
STU0734,Electronics,4,7.02,7,"['CSS', 'HTML', 'MongoDB', 'Docker', 'GCP', 'Power BI', 'Unity']",7,1,4,5,1,7,9,0.702,13,0.8728179551122195,1.125,3
STU0735,Civil,3,6.3,11,"['Swift', 'Figma', 'Azure', 'Solidity', 'Machine Learning', 'FastAPI', 'JavaScript', 'Git', 'Jira', 'AWS', 'GCP']",3,5,4,2,0,11,13,0.63,10,1.5068493150684932,1.0833333333333333,0
STU0736,Civil,4,5.32,4,"['Kotlin', 'Embedded C', 'Kubernetes', 'Python']",0,2,2,3,1,4,4,0.532,7,0.6329113924050632,0.8,0
STU0737,Electronics,3,9.31,10,"['FastAPI', 'MongoDB', 'Linux', 'Azure', 'TypeScript', 'Solidity', 'Java', 'Docker', 'Selenium', 'Node.js']",6,5,4,3,1,10,16,0.931,11,0.9699321047526672,1.4545454545454546,3
STU0738,Civil,4,7.17,11,"['React', 'MySQL', 'Django', 'Azure', 'Jira', 'Python', 'Java', 'Docker', 'Spark', 'Linux', 'Deep Learning']",2,4,2,4,1,11,10,0.717,8,1.346389228886169,0.8333333333333334,0
STU0739,Electronics,4,6.85,5,"['Solidity', 'GCP', 'Power BI', 'Spark', 'JavaScript']",1,5,2,3,0,5,11,0.6849999999999999,7,0.6369426751592357,1.8333333333333333,3
STU0740,Electronics,4,9.6,5,"['Figma', 'NLP', 'Deep Learning', 'Django', 'Postman']",5,2,2,7,1,5,9,0.96,11,0.4716981132075472,1.5,3
STU0741,Mechanical,3,6.72,7,"['Python', 'MySQL', 'Java', 'Docker', 'TypeScript', 'Machine Learning', 'AWS']",0,2,1,3,0,7,4,0.6719999999999999,5,0.9067357512953368,0.5,5
STU0742,Electrical,4,5.25,7,"['Kafka', 'Kubernetes', 'MySQL', 'Deep Learning', 'MongoDB', 'GCP', 'Kotlin']",4,2,4,9,0,7,8,0.525,17,1.12,1.0,2
STU0743,Computer Science,4,7.74,10,"['AWS', 'Git', 'MongoDB', 'Kotlin', 'Embedded C', 'C++', 'Postman', 'JavaScript', 'Solidity', 'FastAPI']",3,1,0,1,1,10,5,0.774,1,1.1441647597254003,0.45454545454545453,1
STU0744,Electronics,3,7.77,4,"['Node.js', 'React', 'FastAPI', 'Python']",5,3,2,2,0,4,11,0.7769999999999999,6,0.45610034207525657,2.2,3
STU0745,Electrical,4,6.56,7,"['Jira', 'Kubernetes', 'GCP', 'Spark', 'Power BI', 'Docker', 'MongoDB']",1,1,0,2,0,7,3,0.6559999999999999,2,0.9259259259259259,0.375,2
STU0746,Electronics,3,6.44,11,"['SQL', 'Linux', 'Java', 'HTML', 'MongoDB', 'C++', 'AWS', 'MySQL', 'Power BI', 'Django', 'NLP']",2,0,2,1,0,11,2,0.644,5,1.478494623655914,0.16666666666666666,3
STU0747,Mechanical,4,7.11,10,"['MySQL', 'AWS', 'Azure', 'Postman', 'NLP', 'Node.js', 'GCP', 'Jira', 'Figma', 'Tableau']",0,5,1,2,1,10,10,0.7110000000000001,4,1.2330456226880395,0.9090909090909091,5
STU0748,Information Science,4,9.39,11,"['Git', 'Machine Learning', 'Python', 'Unity', 'NLP', 'Deep Learning', 'Docker', 'Tableau', 'Django', 'AWS', 'MySQL']",2,2,0,3,1,11,6,0.9390000000000001,3,1.0587102983638113,0.5,4
STU0749,Mechanical,4,9.75,3,"['Python', 'CSS', 'Embedded C']",4,0,2,1,1,3,4,0.975,5,0.27906976744186046,1.0,5
STU0750,Mechanical,3,7.5,10,"['Power BI', 'Machine Learning', 'NLP', 'Deep Learning', 'TypeScript', 'Selenium', 'Jira', 'Linux', 'HTML', 'React']",6,2,0,3,1,10,10,0.75,3,1.1764705882352942,0.9090909090909091,5
STU0751,Mechanical,4,5.45,4,"['Git', 'Python', 'JavaScript', 'React']",4,4,1,9,0,4,12,0.545,11,0.6201550387596899,2.4,5
STU0752,Electronics,4,6.13,7,"['Flutter', 'Deep Learning', 'Solidity', 'Git', 'SQL', 'Docker', 'Jira']",2,1,2,1,0,7,4,0.613,5,0.9817671809256662,0.5,3
STU0753,Civil,4,5.48,5,"['Figma', 'SQL', 'FastAPI', 'Power BI', 'TypeScript']",2,0,1,2,0,5,2,0.548,4,0.7716049382716049,0.3333333333333333,0
STU0754,Mechanical,4,9.8,4,"['GCP', 'Unity', 'Kafka', 'C++']",2,0,0,8,0,4,2,0.9800000000000001,8,0.37037037037037035,0.4,5
STU0755,Computer Science,4,7.57,7,"['Postman', 'Jira', 'Kotlin', 'Linux', 'Machine Learning', 'Azure', 'Git']",0,4,0,0,1,7,8,0.757,0,0.8168028004667445,1.0,1
STU0756,Electronics,4,8.08,7,"['TypeScript', 'C++', 'Kotlin', 'Unity', 'AWS', 'Jira', 'Git']",3,3,4,9,1,7,9,0.808,17,0.7709251101321586,1.125,3
STU0757,Civil,3,8.02,6,"['Node.js', 'Solidity', 'Kubernetes', 'Power BI', 'CSS', 'Linux']",0,5,0,8,1,6,10,0.8019999999999999,8,0.6651884700665189,1.4285714285714286,0
STU0758,Electrical,4,6.31,6,"['Flutter', 'SQL', 'Java', 'Embedded C', 'Deep Learning', 'TypeScript']",5,3,0,6,0,6,11,0.631,6,0.8207934336525308,1.5714285714285714,2
STU0759,Information Science,4,5.02,11,"['Selenium', 'Machine Learning', 'MongoDB', 'Java', 'Postman', 'JavaScript', 'Git', 'FastAPI', 'Figma', 'Deep Learning', 'React']",7,1,4,3,0,11,9,0.502,11,1.8272425249169437,0.75,4
STU0760,Information Science,4,6.1,11,"['Docker', 'Python', 'Kotlin', 'Node.js', 'C++', 'Swift', 'Selenium', 'Linux', 'Figma', 'Kubernetes', 'Machine Learning']",4,5,2,8,0,11,14,0.61,12,1.5492957746478875,1.1666666666666667,4
STU0761,Civil,4,5.55,9,"['Azure', 'Python', 'HTML', 'Jira', 'Power BI', 'Swift', 'MongoDB', 'MySQL', 'AWS']",0,4,4,7,0,9,8,0.5549999999999999,15,1.3740458015267176,0.8,0
STU0762,Electrical,4,9.26,10,"['Tableau', 'Python', 'Flutter', 'Machine Learning', 'Kubernetes', 'Unity', 'Git', 'HTML', 'C++', 'Deep Learning']",7,4,4,0,1,10,15,0.9259999999999999,8,0.9746588693957116,1.3636363636363635,2
STU0763,Electronics,4,7.34,7,"['JavaScript', 'Solidity', 'Embedded C', 'MongoDB', 'Jira', 'Kotlin', 'Power BI']",5,5,3,4,1,7,15,0.734,10,0.8393285371702638,1.875,3
STU0764,Information Science,4,8.34,10,"['SQL', 'TypeScript', 'NLP', 'JavaScript', 'AWS', 'Kubernetes', 'Azure', 'Figma', 'CSS', 'Embedded C']",0,1,1,3,1,10,2,0.834,5,1.0706638115631693,0.18181818181818182,4
STU0765,Mechanical,4,9.51,5,"['Kafka', 'Spark', 'Git', 'Python', 'Embedded C']",7,5,4,0,1,5,17,0.951,8,0.47573739295908657,2.8333333333333335,5
STU0766,Civil,4,7.83,7,"['Django', 'Embedded C', 'Deep Learning', 'Machine Learning', 'Spark', 'Python', 'Docker']",6,0,1,7,1,7,6,0.783,9,0.7927519818799547,0.75,0
STU0767,Civil,4,6.71,6,"['Selenium', 'Figma', 'Postman', 'C++', 'SQL', 'Embedded C']",7,1,4,4,0,6,9,0.671,12,0.7782101167315175,1.2857142857142858,0
STU0768,Mechanical,4,9.53,5,"['Docker', 'Flutter', 'Embedded C', 'NLP', 'Solidity']",2,3,3,8,1,5,8,0.953,14,0.47483380816714155,1.3333333333333333,5
STU0769,Mechanical,4,8.73,5,"['Linux', 'Unity', 'Deep Learning', 'MySQL', 'Swift']",7,5,2,8,1,5,17,0.873,12,0.513874614594039,2.8333333333333335,5
STU0770,Information Science,4,8.11,11,"['Linux', 'Machine Learning', 'Java', 'NLP', 'FastAPI', 'Flutter', 'Spark', 'TypeScript', 'JavaScript', 'Node.js', 'Solidity']",7,0,1,9,1,11,7,0.8109999999999999,11,1.2074643249176729,0.5833333333333334,4
STU0771,Information Science,4,7.6,9,"['Selenium', 'AWS', 'Spark', 'MongoDB', 'MySQL', 'Tableau', 'Unity', 'Kotlin', 'Jira']",3,4,3,5,1,9,11,0.76,11,1.0465116279069768,1.1,4
STU0772,Electrical,3,8.18,4,"['Selenium', 'Kotlin', 'Machine Learning', 'Swift']",7,5,4,0,1,4,17,0.818,8,0.4357298474945534,3.4,2
STU0773,Computer Science,3,5.76,11,"['CSS', 'Java', 'Embedded C', 'Kafka', 'Figma', 'Flutter', 'HTML', 'Kubernetes', 'FastAPI', 'C++', 'AWS']",5,1,2,1,0,11,7,0.576,5,1.6272189349112427,0.5833333333333334,1
STU0774,Electrical,3,6.25,11,"['Azure', 'Java', 'Jira', 'Node.js', 'Power BI', 'Selenium', 'MongoDB', 'Linux', 'JavaScript', 'HTML', 'Unity']",6,2,2,4,0,11,10,0.625,8,1.5172413793103448,0.8333333333333334,2
STU0775,Electronics,4,6.27,11,"['Spark', 'Selenium', 'Django', 'Unity', 'Linux', 'Embedded C', 'Node.js', 'Kotlin', 'Figma', 'Jira', 'Git']",3,1,4,4,0,11,5,0.627,12,1.5130674002751032,0.4166666666666667,3
STU0776,Electrical,4,9.33,4,"['AWS', 'HTML', 'Git', 'Swift']",2,5,3,5,1,4,12,0.933,11,0.3872216844143272,2.4,2
STU0777,Electronics,4,6.95,10,"['Kotlin', 'Unity', 'Postman', 'Django', 'Azure', 'Deep Learning', 'NLP', 'GCP', 'TypeScript', 'Swift']",2,5,4,1,1,10,12,0.6950000000000001,9,1.2578616352201257,1.0909090909090908,3
STU0778,Mechanical,4,8.32,8,"['Tableau', 'HTML', 'TypeScript', 'JavaScript', 'Swift', 'Embedded C', 'CSS', 'C++']",7,0,4,8,1,8,7,0.8320000000000001,16,0.8583690987124464,0.7777777777777778,5
STU0779,Computer Science,3,9.13,5,"['NLP', 'Figma', 'Spark', 'Django', 'Azure']",6,0,0,9,1,5,6,0.913,9,0.4935834155972359,1.0,1
STU0780,Computer Science,4,7.14,5,"['Deep Learning', 'Solidity', 'Power BI', 'MySQL', 'FastAPI']",6,5,2,3,1,5,16,0.714,7,0.6142506142506142,2.6666666666666665,1
STU0781,Electronics,4,5.44,9,"['Node.js', 'NLP', 'C++', 'React', 'Deep Learning', 'Embedded C', 'Postman', 'FastAPI', 'Azure']",6,5,4,8,1,9,16,0.544,16,1.3975155279503104,1.6,3
STU0782,Civil,4,6.85,9,"['C++', 'Selenium', 'MongoDB', 'Figma', 'SQL', 'Tableau', 'Node.js', 'NLP', 'CSS']",7,0,0,5,0,9,7,0.6849999999999999,5,1.1464968152866242,0.7,0
STU0783,Electronics,4,6.42,10,"['Unity', 'Azure', 'Java', 'NLP', 'Embedded C', 'Machine Learning', 'React', 'Python', 'Power BI', 'GCP']",1,4,4,3,0,10,9,0.642,11,1.3477088948787062,0.8181818181818182,3
STU0784,Electrical,3,5.93,4,"['Git', 'CSS', 'MongoDB', 'MySQL']",2,2,2,2,0,4,6,0.593,6,0.5772005772005773,1.2,2
STU0785,Mechanical,3,8.69,5,"['CSS', 'Docker', 'React', 'Jira', 'Git']",2,3,2,7,1,5,8,0.869,11,0.5159958720330238,1.3333333333333333,5
STU0786,Civil,4,5.43,5,"['GCP', 'Jira', 'Figma', 'Spark', 'HTML']",7,1,0,1,0,5,9,0.5429999999999999,1,0.7776049766718507,1.5,0
STU0787,Mechanical,4,6.65,6,"['Jira', 'Deep Learning', 'Java', 'Django', 'React', 'CSS']",0,5,2,5,0,6,10,0.665,9,0.7843137254901961,1.4285714285714286,5
STU0788,Information Science,4,6.9,9,"['Kotlin', 'HTML', 'GCP', 'Spark', 'Unity', 'Docker', 'TypeScript', 'Kubernetes', 'FastAPI']",1,1,0,9,1,9,3,0.6900000000000001,9,1.1392405063291138,0.3,4
STU0789,Electronics,4,7.78,7,"['SQL', 'TypeScript', 'Docker', 'CSS', 'MongoDB', 'Jira', 'Linux']",5,3,3,8,1,7,11,0.778,14,0.797266514806378,1.375,3
STU0790,Electrical,3,7.65,11,"['Tableau', 'C++', 'Django', 'Flutter', 'Embedded C', 'NLP', 'Spark', 'Selenium', 'FastAPI', 'GCP', 'Docker']",0,4,3,4,0,11,8,0.765,10,1.2716763005780347,0.6666666666666666,2
STU0791,Electrical,3,6.56,5,"['MongoDB', 'Selenium', 'Git', 'Machine Learning', 'Flutter']",0,4,1,3,0,5,8,0.6559999999999999,5,0.6613756613756614,1.3333333333333333,2
STU0792,Civil,4,8.56,11,"['Java', 'AWS', 'Unity', 'Machine Learning', 'Linux', 'TypeScript', 'Spark', 'Selenium', 'Python', 'Node.js', 'FastAPI']",3,4,1,6,1,11,11,0.8560000000000001,8,1.1506276150627615,0.9166666666666666,0
STU0793,Information Science,4,5.53,6,"['Kubernetes', 'Django', 'JavaScript', 'Java', 'AWS', 'Unity']",2,2,3,1,1,6,6,0.553,7,0.9188361408882082,0.8571428571428571,4
STU0794,Civil,4,6.78,10,"['Deep Learning', 'Embedded C', 'SQL', 'Tableau', 'React', 'MySQL', 'Git', 'TypeScript', 'Kotlin', 'Kafka']",1,0,2,8,1,10,1,0.678,12,1.2853470437017995,0.09090909090909091,0
STU0795,Electrical,4,9.62,5,"['Power BI', 'Kafka', 'GCP', 'Django', 'C++']",5,4,1,7,1,5,13,0.962,9,0.4708097928436912,2.1666666666666665,2
STU0796,Civil,4,8.1,11,"['Azure', 'Node.js', 'HTML', 'Solidity', 'Power BI', 'Spark', 'Django', 'Selenium', 'JavaScript', 'FastAPI', 'NLP']",4,2,4,8,1,11,8,0.8099999999999999,16,1.208791208791209,0.6666666666666666,0
STU0797,Computer Science,3,5.28,4,"['Embedded C', 'AWS', 'Figma', 'Jira']",0,3,2,0,0,4,6,0.528,4,0.6369426751592356,1.2,1
STU0798,Mechanical,3,5.29,11,"['Django', 'Selenium', 'Node.js', 'Kafka', 'SQL', 'GCP', 'NLP', 'Jira', 'Kotlin', 'Figma', 'MySQL']",4,3,2,2,0,11,10,0.529,6,1.7488076311605723,0.8333333333333334,5
STU0799,Civil,3,9.1,5,"['Flutter', 'Tableau', 'TypeScript', 'Embedded C', 'Swift']",5,4,0,9,1,5,13,0.9099999999999999,9,0.49504950495049505,2.1666666666666665,0
STU0800,Information Science,3,7.75,9,"['React', 'Swift', 'SQL', 'NLP', 'AWS', 'Postman', 'CSS', 'MongoDB', 'Django']",6,5,0,2,1,9,16,0.775,2,1.0285714285714285,1.6,4
STU0801,Electronics,4,6.64,8,"['CSS', 'Unity', 'Kotlin', 'Embedded C', 'NLP', 'SQL', 'Power BI', 'Node.js']",1,3,3,7,0,8,7,0.6639999999999999,13,1.0471204188481675,0.7777777777777778,3
STU0802,Civil,4,8.22,7,"['Spark', 'C++', 'GCP', 'Power BI', 'AWS', 'MongoDB', 'Kubernetes']",6,4,2,5,1,7,14,0.8220000000000001,9,0.7592190889370932,1.75,0
STU0803,Mechanical,4,7.58,11,"['Java', 'Unity', 'Azure', 'Embedded C', 'MySQL', 'Selenium', 'Docker', 'Linux', 'C++', 'Swift', 'MongoDB']",0,4,0,4,0,11,8,0.758,4,1.282051282051282,0.6666666666666666,5
STU0804,Mechanical,4,6.59,4,"['MongoDB', 'Unity', 'Kubernetes', 'GCP']",7,5,0,6,0,4,17,0.659,6,0.5270092226613966,3.4,5
STU0805,Computer Science,4,6.61,4,"['Spark', 'Solidity', 'SQL', 'Node.js']",4,2,4,9,1,4,8,0.661,17,0.5256241787122208,1.6,1
STU0806,Mechanical,4,7.5,9,"['Figma', 'SQL', 'Kafka', 'AWS', 'Node.js', 'Jira', 'Deep Learning', 'Tableau', 'Kubernetes']",2,0,4,8,1,9,2,0.75,16,1.0588235294117647,0.2,5
STU0807,Computer Science,3,6.95,7,"['Deep Learning', 'Spark', 'C++', 'Solidity', 'Flutter', 'Git', 'Kotlin']",1,5,3,3,1,7,11,0.6950000000000001,9,0.8805031446540881,1.375,1
STU0808,Computer Science,4,8.5,9,"['JavaScript', 'Solidity', 'Swift', 'C++', 'Jira', 'NLP', 'Azure', 'FastAPI', 'Postman']",3,0,0,7,1,9,3,0.85,7,0.9473684210526315,0.3,1
STU0809,Computer Science,4,5.16,6,"['MySQL', 'JavaScript', 'Spark', 'Deep Learning', 'TypeScript', 'HTML']",6,1,2,6,0,6,8,0.516,10,0.974025974025974,1.1428571428571428,1
STU0810,Civil,4,6.27,3,"['Embedded C', 'SQL', 'Node.js']",0,1,1,7,1,3,2,0.627,9,0.4126547455295736,0.5,0
STU0811,Electronics,4,8.54,4,"['Unity', 'Python', 'Django', 'GCP']",6,1,3,9,0,4,8,0.8539999999999999,15,0.41928721174004197,1.6,3
STU0812,Civil,3,6.94,8,"['Kubernetes', 'Python', 'C++', 'NLP', 'Swift', 'Kafka', 'JavaScript', 'Java']",2,1,0,6,0,8,4,0.6940000000000001,6,1.0075566750629723,0.4444444444444444,0
STU0813,Mechanical,4,6.99,4,"['SQL', 'Tableau', 'HTML', 'Kotlin']",7,3,4,4,1,4,13,0.6990000000000001,12,0.5006257822277848,2.6,5
STU0814,Computer Science,4,7.23,7,"['Kotlin', 'FastAPI', 'HTML', 'Linux', 'Deep Learning', 'Jira', 'Solidity']",2,2,3,6,1,7,6,0.7230000000000001,12,0.850546780072904,0.75,1
STU0815,Information Science,3,6.07,7,"['Machine Learning', 'Kafka', 'MySQL', 'Solidity', 'Linux', 'Git', 'Jira']",5,2,0,8,0,7,9,0.607,8,0.9900990099009901,1.125,4
STU0816,Computer Science,4,5.44,10,"['Selenium', 'Deep Learning', 'MySQL', 'Kafka', 'Flutter', 'Java', 'Python', 'HTML', 'MongoDB', 'React']",6,1,1,3,1,10,8,0.544,5,1.5527950310559004,0.7272727272727273,1
STU0817,Electronics,4,9.08,7,"['Java', 'Kotlin', 'GCP', 'Deep Learning', 'AWS', 'Linux', 'FastAPI']",2,4,4,1,1,7,10,0.908,9,0.6944444444444444,1.25,3
STU0818,Information Science,3,8.34,7,"['Azure', 'Docker', 'Jira', 'Swift', 'Kafka', 'TypeScript', 'C++']",3,5,1,5,1,7,13,0.834,7,0.7494646680942184,1.625,4
STU0819,Electronics,3,6.43,3,"['Linux', 'Kafka', 'Figma']",7,1,1,9,1,3,9,0.643,11,0.4037685060565276,2.25,3
STU0820,Mechanical,3,6.13,7,"['MySQL', 'Deep Learning', 'C++', 'FastAPI', 'TypeScript', 'Spark', 'Postman']",4,3,1,1,0,7,10,0.613,3,0.9817671809256662,1.25,5
STU0821,Computer Science,3,9.04,6,"['Postman', 'AWS', 'Azure', 'HTML', 'Flutter', 'Jira']",4,1,2,8,1,6,6,0.9039999999999999,12,0.5976095617529881,0.8571428571428571,1
STU0822,Electronics,4,8.18,7,"['NLP', 'Embedded C', 'Tableau', 'Unity', 'Selenium', 'MySQL', 'Node.js']",7,2,1,6,1,7,11,0.818,8,0.7625272331154684,1.375,3
STU0823,Civil,4,8.36,10,"['JavaScript', 'Solidity', 'FastAPI', 'Flutter', 'Git', 'Deep Learning', 'Embedded C', 'Postman', 'Figma', 'NLP']",3,1,4,3,1,10,5,0.836,11,1.0683760683760684,0.45454545454545453,0
STU0824,Information Science,4,6.63,8,"['Tableau', 'MongoDB', 'Python', 'Unity', 'Embedded C', 'Kafka', 'Deep Learning', 'Figma']",1,4,2,6,0,8,9,0.663,10,1.0484927916120577,1.0,4
STU0825,Electrical,4,5.41,7,"['HTML', 'Docker', 'AWS', 'Deep Learning', 'JavaScript', 'Kubernetes', 'CSS']",2,4,2,6,1,7,10,0.541,10,1.0920436817472698,1.25,2
STU0826,Mechanical,4,7.65,10,"['Postman', 'Spark', 'Flutter', 'SQL', 'Linux', 'Docker', 'Kotlin', 'MongoDB', 'GCP', 'Embedded C']",6,1,2,3,1,10,8,0.765,7,1.1560693641618496,0.7272727272727273,5
STU0827,Electronics,4,7.69,10,"['GCP', 'Azure', 'Solidity', 'SQL', 'Kafka', 'Kotlin', 'TypeScript', 'FastAPI', 'Unity', 'Python']",4,1,1,2,1,10,6,0.769,4,1.150747986191024,0.5454545454545454,3
STU0828,Civil,4,7.24,10,"['SQL', 'Linux', 'JavaScript', 'Azure', 'Kotlin', 'Node.js', 'Tableau', 'HTML', 'Jira', 'MySQL']",5,3,1,1,1,10,11,0.724,3,1.2135922330097086,1.0,0
STU0829,Civil,4,8.27,5,"['MySQL', 'Java', 'Python', 'C++', 'MongoDB']",4,0,4,0,1,5,4,0.827,8,0.5393743257820928,0.6666666666666666,0
STU0830,Civil,4,5.53,3,"['Kafka', 'HTML', 'SQL']",1,4,3,4,0,3,9,0.553,10,0.4594180704441041,2.25,0
STU0831,Computer Science,4,8.22,8,"['Spark', 'Azure', 'Flutter', 'CSS', 'MongoDB', 'Git', 'Unity', 'Jira']",6,2,2,8,1,8,10,0.8220000000000001,12,0.8676789587852494,1.1111111111111112,1
STU0832,Electrical,4,7.22,9,"['NLP', 'Tableau', 'Deep Learning', 'HTML', 'Solidity', 'Kotlin', 'TypeScript', 'Java', 'Kubernetes']",5,3,2,9,1,9,11,0.722,13,1.0948905109489053,1.1,2
STU0833,Mechanical,4,7.4,9,"['FastAPI', 'Azure', 'Postman', 'Docker', 'Django', 'Java', 'Kafka', 'Flutter', 'HTML']",4,3,0,6,1,9,10,0.74,6,1.0714285714285714,1.0,5
STU0834,Computer Science,3,8.05,4,"['Git', 'TypeScript', 'Django', 'Swift']",5,3,4,3,1,4,11,0.805,11,0.4419889502762431,2.2,1
STU0835,Computer Science,4,8.0,9,"['Tableau', 'Spark', 'Kubernetes', 'Selenium', 'Docker', 'JavaScript', 'Power BI', 'Kotlin', 'MongoDB']",6,2,1,7,1,9,10,0.8,9,1.0,1.0,1
STU0836,Electronics,4,5.89,8,"['Kafka', 'Embedded C', 'Power BI', 'Git', 'GCP', 'Solidity', 'Figma', 'FastAPI']",4,0,1,9,0,8,4,0.589,11,1.1611030478955007,0.4444444444444444,3
STU0837,Electronics,3,8.25,6,"['Linux', 'Unity', 'Node.js', 'JavaScript', 'Kotlin', 'Embedded C']",1,5,4,3,1,6,11,0.825,11,0.6486486486486487,1.5714285714285714,3
STU0838,Electronics,4,8.79,4,"['Linux', 'C++', 'MySQL', 'Git']",5,4,2,0,1,4,13,0.8789999999999999,4,0.40858018386108275,2.6,3
STU0839,Civil,3,6.41,8,"['Solidity', 'Unity', 'Python', 'MySQL', 'AWS', 'FastAPI', 'Figma', 'Flutter']",2,0,4,9,1,8,2,0.641,17,1.0796221322537112,0.2222222222222222,0
STU0840,Electrical,4,6.03,6,"['CSS', 'Power BI', 'Git', 'Deep Learning', 'Node.js', 'FastAPI']",7,0,4,1,0,6,7,0.603,9,0.8534850640113798,1.0,2
STU0841,Civil,3,7.1,9,"['Selenium', 'SQL', 'C++', 'Azure', 'Flutter', 'Java', 'JavaScript', 'FastAPI', 'TypeScript']",5,0,3,7,1,9,5,0.71,13,1.1111111111111112,0.5,0
STU0842,Electrical,4,8.87,11,"['Power BI', 'Selenium', 'Jira', 'Azure', 'C++', 'Python', 'Django', 'JavaScript', 'Kubernetes', 'FastAPI', 'Java']",6,3,0,2,1,11,12,0.8869999999999999,2,1.1144883485309018,1.0,2
STU0843,Information Science,3,5.44,10,"['Flutter', 'Kubernetes', 'TypeScript', 'CSS', 'SQL', 'Spark', 'Swift', 'Embedded C', 'MongoDB', 'Django']",5,3,3,9,0,10,11,0.544,15,1.5527950310559004,1.0,4
STU0844,Computer Science,3,9.31,10,"['NLP', 'Swift', 'HTML', 'Figma', 'CSS', 'AWS', 'Postman', 'Node.js', 'Embedded C', 'GCP']",1,4,3,8,1,10,9,0.931,14,0.9699321047526672,0.8181818181818182,1
STU0845,Information Science,4,6.42,9,"['Spark', 'Jira', 'Deep Learning', 'Kafka', 'GCP', 'Postman', 'AWS', 'HTML', 'Embedded C']",5,0,1,8,0,9,5,0.642,10,1.2129380053908356,0.5,4
STU0846,Electrical,3,5.07,11,"['Docker', 'Linux', 'JavaScript', 'Git', 'NLP', 'Python', 'Flutter', 'Tableau', 'Java', 'SQL', 'GCP']",2,1,3,2,0,11,4,0.507,8,1.8121911037891267,0.3333333333333333,2
STU0847,Electrical,4,7.36,3,"['HTML', 'Kafka', 'TypeScript']",6,0,2,3,1,3,6,0.736,7,0.35885167464114837,1.5,2
STU0848,Electronics,4,9.31,3,"['Jira', 'TypeScript', 'Java']",4,1,3,8,0,3,6,0.931,14,0.2909796314258002,1.5,3
STU0849,Civil,3,7.14,4,"['Selenium', 'SQL', 'Jira', 'Power BI']",2,2,0,5,0,4,6,0.714,5,0.49140049140049136,1.2,0
STU0850,Electrical,4,5.58,10,"['GCP', 'Selenium', 'Python', 'SQL', 'Git', 'Kafka', 'JavaScript', 'Django', 'Node.js', 'Deep Learning']",1,5,4,3,1,10,11,0.558,11,1.519756838905775,1.0,2
STU0851,Electrical,4,6.73,11,"['Swift', 'Node.js', 'Linux', 'Selenium', 'Power BI', 'Azure', 'Tableau', 'Spark', 'FastAPI', 'Solidity', 'Kotlin']",2,1,0,0,1,11,4,0.673,0,1.4230271668822767,0.3333333333333333,2
STU0852,Electronics,4,9.08,6,"['Flutter', 'Python', 'Jira', 'Swift', 'Docker', 'Solidity']",1,2,0,4,1,6,5,0.908,4,0.5952380952380952,0.7142857142857143,3
STU0853,Electronics,4,9.33,10,"['Embedded C', 'Postman', 'Django', 'C++', 'SQL', 'Machine Learning', 'Jira', 'GCP', 'Flutter', 'Solidity']",0,2,1,7,1,10,4,0.933,9,0.968054211035818,0.36363636363636365,3
STU0854,Electrical,4,6.08,9,"['TypeScript', 'Django', 'MongoDB', 'React', 'Kubernetes', 'Tableau', 'NLP', 'Java', 'HTML']",3,1,2,4,0,9,5,0.608,8,1.271186440677966,0.5,2
STU0855,Mechanical,4,9.34,4,"['Node.js', 'Swift', 'Spark', 'Figma']",5,3,3,4,1,4,11,0.9339999999999999,10,0.3868471953578337,2.2,5
STU0856,Electronics,4,5.93,4,"['Linux', 'Git', 'SQL', 'CSS']",7,2,0,5,0,4,11,0.593,5,0.5772005772005773,2.2,3
STU0857,Information Science,4,9.03,7,"['GCP', 'Deep Learning', 'HTML', 'Kotlin', 'Python', 'Selenium', 'Linux']",5,1,1,8,1,7,7,0.9029999999999999,10,0.6979062811565304,0.875,4
STU0858,Electronics,4,6.36,3,"['Kubernetes', 'Power BI', 'Kotlin']",0,5,4,4,0,3,10,0.636,12,0.4076086956521739,2.5,3
STU0859,Computer Science,4,7.33,7,"['MongoDB', 'Azure', 'SQL', 'CSS', 'Power BI', 'React', 'MySQL']",2,3,2,7,1,7,8,0.733,11,0.8403361344537815,1.0,1
STU0860,Electronics,3,5.98,9,"['CSS', 'Jira', 'MongoDB', 'Machine Learning', 'GCP', 'C++', 'Git', 'Tableau', 'Embedded C']",3,0,4,0,0,9,3,0.5980000000000001,8,1.2893982808022921,0.3,3
STU0861,Electronics,4,9.71,11,"['Embedded C', 'Kubernetes', 'Postman', 'TypeScript', 'Java', 'JavaScript', 'Figma', 'MySQL', 'MongoDB', 'AWS', 'FastAPI']",4,0,1,4,1,11,4,0.9710000000000001,6,1.0270774976657329,0.3333333333333333,3
STU0862,Civil,4,5.36,5,"['HTML', 'Git', 'FastAPI', 'Node.js', 'Kotlin']",5,0,1,9,1,5,5,0.536,11,0.7861635220125786,0.8333333333333334,0
STU0863,Information Science,4,6.68,3,"['Embedded C', 'Docker', 'NLP']",4,1,0,6,1,3,6,0.6679999999999999,6,0.390625,1.5,4
STU0864,Civil,3,6.08,4,"['Kotlin', 'Django', 'Solidity', 'Selenium']",4,1,1,6,0,4,6,0.608,8,0.5649717514124294,1.2,0
STU0865,Computer Science,4,8.84,4,"['Swift', 'CSS', 'Kubernetes', 'Power BI']",0,2,2,3,1,4,4,0.884,7,0.4065040650406504,0.8,1
STU0866,Computer Science,3,7.12,11,"['Machine Learning', 'NLP', 'Flutter', 'Python', 'Unity', 'Selenium', 'Embedded C', 'Node.js', 'Kubernetes', 'HTML', 'GCP']",6,0,1,2,1,11,6,0.712,4,1.3546798029556648,0.5,1
STU0867,Information Science,4,6.45,5,"['Django', 'HTML', 'Flutter', 'Tableau', 'Figma']",3,1,1,8,0,5,5,0.645,10,0.6711409395973155,0.8333333333333334,4
STU0868,Civil,4,7.01,6,"['Python', 'AWS', 'Flutter', 'Unity', 'Machine Learning', 'CSS']",6,0,4,9,1,6,6,0.701,17,0.7490636704119851,0.8571428571428571,0
STU0869,Mechanical,3,8.83,5,"['Jira', 'React', 'Docker', 'HTML', 'Power BI']",6,4,4,5,1,5,14,0.883,13,0.508646998982706,2.3333333333333335,5
STU0870,Electronics,4,9.54,11,"['JavaScript', 'Embedded C', 'Kubernetes', 'Azure', 'Deep Learning', 'Git', 'AWS', 'Java', 'C++', 'Django', 'MongoDB']",1,5,2,6,1,11,11,0.954,10,1.0436432637571158,0.9166666666666666,3
STU0871,Mechanical,3,5.9,3,"['Power BI', 'Unity', 'TypeScript']",5,3,1,6,0,3,11,0.5900000000000001,8,0.43478260869565216,2.75,5
STU0872,Electronics,3,8.86,7,"['Machine Learning', 'Azure', 'Flutter', 'FastAPI', 'Embedded C', 'Solidity', 'NLP']",7,2,3,3,1,7,11,0.8859999999999999,9,0.7099391480730224,1.375,3
STU0873,Electrical,3,5.15,9,"['Azure', 'JavaScript', 'Django', 'Solidity', 'AWS', 'Selenium', 'Python', 'Deep Learning', 'Git']",7,3,2,7,0,9,13,0.515,11,1.4634146341463414,1.3,2
STU0874,Electrical,4,8.16,6,"['C++', 'Postman', 'Java', 'Django', 'Kotlin', 'React']",3,0,3,7,1,6,3,0.8160000000000001,13,0.6550218340611353,0.42857142857142855,2
STU0875,Civil,4,6.05,4,"['Solidity', 'CSS', 'Embedded C', 'HTML']",3,3,2,1,0,4,9,0.605,5,0.5673758865248227,1.8,0
STU0876,Electronics,4,8.73,10,"['NLP', 'Jira', 'MongoDB', 'HTML', 'Tableau', 'Machine Learning', 'Swift', 'Unity', 'Python', 'Docker']",2,3,3,8,1,10,8,0.873,14,1.027749229188078,0.7272727272727273,3
STU0877,Mechanical,4,7.7,11,"['Swift', 'Node.js', 'HTML', 'Flutter', 'Solidity', 'TypeScript', 'CSS', 'Linux', 'MongoDB', 'Kafka', 'C++']",6,4,4,4,1,11,14,0.77,12,1.264367816091954,1.1666666666666667,5
STU0878,Computer Science,4,5.47,4,"['Kubernetes', 'Solidity', 'SQL', 'Postman']",6,1,0,0,0,4,8,0.5469999999999999,0,0.6182380216383307,1.6,1
STU0879,Civil,4,7.03,10,"['Java', 'Unity', 'MongoDB', 'Swift', 'TypeScript', 'Node.js', 'Git', 'Django', 'Solidity', 'Kotlin']",7,5,0,9,1,10,17,0.7030000000000001,9,1.2453300124533,1.5454545454545454,0
STU0880,Computer Science,4,8.89,6,"['Node.js', 'Unity', 'Docker', 'AWS', 'SQL', 'React']",7,1,0,9,1,6,9,0.889,9,0.6066734074823054,1.2857142857142858,1
STU0881,Civil,3,7.0,5,"['Docker', 'Java', 'TypeScript', 'Solidity', 'Spark']",1,4,2,6,0,5,9,0.7,10,0.625,1.5,0
STU0882,Computer Science,4,8.58,10,"['Solidity', 'Python', 'C++', 'Swift', 'Kotlin', 'CSS', 'HTML', 'Jira', 'Selenium', 'Spark']",4,4,2,0,1,10,12,0.858,4,1.0438413361169103,1.0909090909090908,1
STU0883,Electrical,4,8.49,10,"['Kotlin', 'NLP', 'Selenium', 'Linux', 'Figma', 'SQL', 'C++', 'MongoDB', 'Python', 'Git']",6,0,2,1,1,10,6,0.849,5,1.053740779768177,0.5454545454545454,2
STU0884,Electronics,4,9.7,3,"['FastAPI', 'Tableau', 'Power BI']",3,2,1,4,1,3,7,0.97,6,0.28037383177570097,1.75,3
STU0885,Electrical,4,9.13,5,"['Java', 'Swift', 'Postman', 'Python', 'Git']",4,1,0,2,1,5,6,0.913,2,0.4935834155972359,1.0,2
STU0886,Mechanical,4,8.55,3,"['Kotlin', 'Embedded C', 'Linux']",3,0,0,2,0,3,3,0.8550000000000001,2,0.31413612565445026,0.75,5
STU0887,Civil,4,8.87,10,"['FastAPI', 'Linux', 'SQL', 'React', 'Jira', 'JavaScript', 'Swift', 'Unity', 'Solidity', 'MongoDB']",4,5,3,0,1,10,14,0.8869999999999999,6,1.0131712259371835,1.2727272727272727,0
STU0888,Mechanical,3,9.47,9,"['AWS', 'Jira', 'FastAPI', 'Node.js', 'SQL', 'Selenium', 'TypeScript', 'MongoDB', 'Docker']",0,0,2,6,1,9,0,0.9470000000000001,10,0.8595988538681948,0.0,5
STU0889,Information Science,3,6.12,5,"['Power BI', 'Swift', 'NLP', 'C++', 'Jira']",7,1,4,4,0,5,9,0.612,12,0.7022471910112359,1.5,4
STU0890,Electrical,3,7.53,4,"['Machine Learning', 'Power BI', 'HTML', 'JavaScript']",6,3,3,0,0,4,12,0.753,6,0.4689331770222743,2.4,2
STU0891,Civil,4,8.08,11,"['Power BI', 'NLP', 'CSS', 'Postman', 'Machine Learning', 'Embedded C', 'React', 'Java', 'AWS', 'C++', 'Selenium']",4,0,0,6,1,11,4,0.808,6,1.2114537444933922,0.3333333333333333,0
STU0892,Electronics,4,6.42,10,"['Selenium', 'CSS', 'Kafka', 'Embedded C', 'Swift', 'Kubernetes', 'HTML', 'Kotlin', 'TypeScript', 'MySQL']",5,1,1,8,1,10,7,0.642,10,1.3477088948787062,0.6363636363636364,3
STU0893,Electronics,4,9.46,8,"['Git', 'Postman', 'Machine Learning', 'Jira', 'Django', 'MongoDB', 'GCP', 'Python']",1,2,0,2,1,8,5,0.9460000000000001,2,0.7648183556405354,0.5555555555555556,3
STU0894,Mechanical,4,5.42,5,"['Postman', 'Deep Learning', 'Swift', 'Spark', 'Kubernetes']",6,5,4,0,0,5,16,0.542,8,0.778816199376947,2.6666666666666665,5
STU0895,Electronics,4,5.14,6,"['React', 'JavaScript', 'Kafka', 'Java', 'Kotlin', 'Figma']",1,4,4,9,1,6,9,0.514,17,0.977198697068404,1.2857142857142858,3
STU0896,Electronics,3,5.89,11,"['Django', 'Python', 'React', 'JavaScript', 'AWS', 'Tableau', 'Solidity', 'Jira', 'FastAPI', 'HTML', 'TypeScript']",4,1,2,5,0,11,6,0.589,9,1.5965166908563135,0.5,3
STU0897,Electrical,4,9.8,3,"['Kafka', 'SQL', 'Tableau']",7,0,1,6,0,3,7,0.9800000000000001,8,0.27777777777777773,1.75,2
STU0898,Mechanical,4,8.32,5,"['NLP', 'TypeScript', 'Jira', 'Azure', 'Flutter']",4,0,3,9,1,5,4,0.8320000000000001,15,0.5364806866952789,0.6666666666666666,5
STU0899,Information Science,4,6.74,6,"['Git', 'Flutter', 'Kubernetes', 'React', 'Spark', 'CSS']",0,0,1,9,0,6,0,0.674,11,0.7751937984496123,0.0,4
STU0900,Information Science,4,6.28,4,"['Embedded C', 'Jira', 'Kafka', 'Docker']",5,3,2,5,1,4,11,0.628,9,0.5494505494505494,2.2,4
STU0901,Civil,4,8.57,7,"['Deep Learning', 'Solidity', 'FastAPI', 'MongoDB', 'Java', 'Figma', 'GCP']",0,0,1,5,1,7,0,0.857,7,0.7314524555903866,0.0,0
STU0902,Information Science,4,6.75,9,"['Embedded C', 'Kubernetes', 'NLP', 'CSS', 'Node.js', 'Machine Learning', 'Docker', 'Kafka', 'AWS']",6,3,4,6,0,9,12,0.675,14,1.1612903225806452,1.2,4
STU0903,Electrical,4,5.7,9,"['Node.js', 'Deep Learning', 'GCP', 'MongoDB', 'Tableau', 'NLP', 'Python', 'Swift', 'C++']",0,1,2,2,0,9,2,0.5700000000000001,6,1.3432835820895521,0.2,2
STU0904,Mechanical,4,6.93,7,"['Node.js', 'Django', 'Linux', 'Python', 'Swift', 'Jira', 'Figma']",6,4,4,6,0,7,14,0.693,14,0.8827238335435057,1.75,5
STU0905,Electrical,3,5.3,10,"['TypeScript', 'MongoDB', 'HTML', 'FastAPI', 'Git', 'Kotlin', 'Django', 'Java', 'Python', 'NLP']",5,1,4,2,0,10,7,0.53,10,1.5873015873015874,0.6363636363636364,2
STU0906,Electrical,4,9.33,10,"['Kubernetes', 'C++', 'NLP', 'MySQL', 'Spark', 'Figma', 'JavaScript', 'HTML', 'Embedded C', 'Tableau']",5,2,0,4,1,10,9,0.933,4,0.968054211035818,0.8181818181818182,2
STU0907,Electrical,4,8.92,6,"['Postman', 'Kubernetes', 'Spark', 'Docker', 'Azure', 'Unity']",5,5,2,1,1,6,15,0.892,5,0.6048387096774194,2.142857142857143,2
STU0908,Mechanical,4,8.53,7,"['GCP', 'Python', 'Machine Learning', 'C++', 'Kotlin', 'Linux', 'Node.js']",3,4,0,5,1,7,11,0.853,5,0.7345225603357818,1.375,5
STU0909,Computer Science,4,5.05,10,"['Jira', 'Power BI', 'Azure', 'JavaScript', 'Java', 'SQL', 'Flutter', 'Kafka', 'Django', 'Solidity']",3,0,2,6,1,10,3,0.505,10,1.6528925619834711,0.2727272727272727,1
STU0910,Mechanical,4,9.37,7,"['Solidity', 'Swift', 'Postman', 'C++', 'React', 'GCP', 'Docker']",4,0,2,5,1,7,4,0.9369999999999999,9,0.6750241080038574,0.5,5
STU0911,Computer Science,4,6.2,6,"['Jira', 'Flutter', 'MongoDB', 'Solidity', 'Azure', 'Node.js']",2,4,0,7,0,6,10,0.62,7,0.8333333333333333,1.4285714285714286,1
STU0912,Electrical,4,7.89,10,"['HTML', 'Solidity', 'Tableau', 'Deep Learning', 'Azure', 'GCP', 'JavaScript', 'Git', 'Jira', 'Node.js']",5,2,3,5,1,10,9,0.7889999999999999,11,1.124859392575928,0.8181818181818182,2
STU0913,Electrical,4,6.92,11,"['MongoDB', 'React', 'Power BI', 'Kotlin', 'SQL', 'Spark', 'C++', 'JavaScript', 'CSS', 'Deep Learning', 'NLP']",5,5,1,0,1,11,15,0.692,2,1.3888888888888888,1.25,2
STU0914,Electrical,3,5.36,8,"['Django', 'Jira', 'Deep Learning', 'Java', 'Tableau', 'SQL', 'React', 'Docker']",1,5,4,8,0,8,11,0.536,16,1.2578616352201257,1.2222222222222223,2
STU0915,Computer Science,4,8.3,11,"['Java', 'TypeScript', 'GCP', 'Node.js', 'AWS', 'Postman', 'FastAPI', 'React', 'Power BI', 'Django', 'Solidity']",1,0,2,6,1,11,1,0.8300000000000001,10,1.182795698924731,0.08333333333333333,1
STU0916,Electronics,4,7.23,4,"['Git', 'NLP', 'Deep Learning', 'HTML']",1,0,4,9,0,4,1,0.7230000000000001,17,0.48602673147023084,0.2,3
STU0917,Computer Science,4,7.24,10,"['React', 'TypeScript', 'Flutter', 'FastAPI', 'Java', 'AWS', 'Tableau', 'Node.js', 'Postman', 'MySQL']",1,1,3,4,1,10,3,0.724,10,1.2135922330097086,0.2727272727272727,1
STU0918,Information Science,3,8.62,8,"['Linux', 'CSS', 'Kafka', 'Kubernetes', 'Machine Learning', 'Tableau', 'AWS', 'MongoDB']",2,1,3,2,1,8,4,0.8619999999999999,8,0.8316008316008316,0.4444444444444444,4
STU0919,Civil,4,5.35,8,"['MongoDB', 'React', 'Spark', 'AWS', 'Kafka', 'JavaScript', 'Java', 'Linux']",6,4,4,5,0,8,14,0.5349999999999999,13,1.2598425196850394,1.5555555555555556,0
STU0920,Mechanical,4,6.48,11,"['Azure', 'MySQL', 'Django', 'Jira', 'Tableau', 'Swift', 'NLP', 'Solidity', 'Selenium', 'Machine Learning', 'Embedded C']",5,2,4,2,0,11,9,0.648,10,1.4705882352941175,0.75,5
STU0921,Civil,4,9.3,10,"['TypeScript', 'React', 'Machine Learning', 'Spark', 'Kubernetes', 'Kafka', 'Figma', 'AWS', 'GCP', 'Postman']",4,5,1,0,1,10,14,0.93,2,0.9708737864077669,1.2727272727272727,0
STU0922,Civil,3,5.28,3,"['Django', 'Swift', 'Jira']",7,1,0,6,0,3,9,0.528,6,0.47770700636942676,2.25,0
STU0923,Electrical,4,9.78,4,"['Git', 'Flutter', 'FastAPI', 'Embedded C']",0,3,2,9,1,4,6,0.978,13,0.3710575139146568,1.2,2
STU0924,Computer Science,3,9.72,8,"['AWS', 'Tableau', 'Postman', 'C++', 'Kafka', 'Machine Learning', 'NLP', 'React']",7,5,2,8,1,8,17,0.9720000000000001,12,0.7462686567164178,1.8888888888888888,1
STU0925,Electrical,4,9.71,8,"['Azure', 'Django', 'MongoDB', 'Selenium', 'NLP', 'Unity', 'Jira', 'Machine Learning']",1,4,0,8,1,8,9,0.9710000000000001,8,0.7469654528478057,1.0,2
STU0926,Electrical,4,5.77,11,"['Flutter', 'C++', 'Kotlin', 'Power BI', 'HTML', 'Unity', 'Spark', 'Solidity', 'SQL', 'Figma', 'Django']",3,5,3,3,0,11,13,0.577,9,1.6248153618906944,1.0833333333333333,2
STU0927,Information Science,4,9.14,6,"['Spark', 'Azure', 'TypeScript', 'JavaScript', 'Tableau', 'Deep Learning']",1,0,2,3,1,6,1,0.914,7,0.5917159763313609,0.14285714285714285,4
STU0928,Electronics,3,8.25,9,"['Unity', 'Postman', 'Machine Learning', 'MongoDB', 'AWS', 'TypeScript', 'Selenium', 'Node.js', 'Power BI']",7,2,4,8,1,9,11,0.825,16,0.972972972972973,1.1,3
STU0929,Computer Science,4,8.75,3,"['MongoDB', 'Unity', 'Machine Learning']",2,1,0,6,0,3,4,0.875,6,0.3076923076923077,1.0,1
STU0930,Information Science,3,9.08,5,"['Machine Learning', 'Node.js', 'Git', 'Python', 'Kubernetes']",4,4,4,3,1,5,12,0.908,11,0.49603174603174605,2.0,4
STU0931,Electrical,4,7.41,9,"['TypeScript', 'NLP', 'Swift', 'Solidity', 'Spark', 'MySQL', 'MongoDB', 'Machine Learning', 'Power BI']",7,1,2,3,1,9,9,0.741,7,1.070154577883472,0.9,2
STU0932,Electrical,3,6.44,6,"['SQL', 'FastAPI', 'Swift', 'Postman', 'MongoDB', 'Power BI']",5,1,3,1,1,6,7,0.644,7,0.8064516129032258,1.0,2
STU0933,Electrical,3,5.89,5,"['CSS', 'Postman', 'MySQL', 'Power BI', 'Java']",7,2,1,3,1,5,11,0.589,5,0.725689404934688,1.8333333333333333,2
STU0934,Civil,4,7.22,8,"['HTML', 'Docker', 'Embedded C', 'SQL', 'Swift', 'NLP', 'AWS', 'React']",0,5,1,1,1,8,10,0.722,3,0.9732360097323602,1.1111111111111112,0
STU0935,Electronics,3,8.35,10,"['Kafka', 'Python', 'GCP', 'MySQL', 'HTML', 'Solidity', 'Machine Learning', 'Deep Learning', 'Figma', 'C++']",5,5,2,0,1,10,15,0.835,4,1.0695187165775402,1.3636363636363635,3
STU0936,Civil,4,8.08,3,"['FastAPI', 'Tableau', 'SQL']",2,0,3,7,1,3,2,0.808,13,0.3303964757709251,0.5,0
STU0937,Computer Science,4,7.56,3,"['Git', 'HTML', 'Swift']",3,3,3,1,0,3,9,0.756,7,0.3504672897196262,2.25,1
STU0938,Electrical,4,5.53,7,"['React', 'Docker', 'CSS', 'Embedded C', 'Solidity', 'Node.js', 'Python']",4,5,0,3,0,7,14,0.553,3,1.0719754977029097,1.75,2
STU0939,Mechanical,3,5.5,5,"['Tableau', 'Node.js', 'Figma', 'Jira', 'Kubernetes']",0,4,3,0,0,5,8,0.55,6,0.7692307692307693,1.3333333333333333,5
STU0940,Mechanical,4,7.47,8,"['GCP', 'JavaScript', 'TypeScript', 'Django', 'Jira', 'Power BI', 'FastAPI', 'Tableau']",4,0,1,2,1,8,4,0.747,4,0.9445100354191265,0.4444444444444444,5
STU0941,Computer Science,4,9.39,3,"['Tableau', 'Git', 'TypeScript']",3,2,2,6,1,3,7,0.9390000000000001,10,0.28873917228103946,1.75,1
STU0942,Electrical,4,6.04,10,"['Postman', 'Docker', 'Swift', 'Django', 'MySQL', 'Jira', 'Flutter', 'HTML', 'NLP', 'Selenium']",7,0,3,2,0,10,7,0.604,8,1.4204545454545454,0.6363636363636364,2
STU0943,Mechanical,4,7.97,11,"['Solidity', 'Node.js', 'GCP', 'JavaScript', 'Tableau', 'Swift', 'Linux', 'Kotlin', 'Deep Learning', 'FastAPI', 'Figma']",0,2,1,6,0,11,4,0.7969999999999999,8,1.226309921962096,0.3333333333333333,5
STU0944,Electrical,4,8.94,3,"['Solidity', 'Machine Learning', 'Kotlin']",1,1,4,8,0,3,3,0.8939999999999999,16,0.3018108651911469,0.75,2
STU0945,Electrical,3,8.32,10,"['Embedded C', 'JavaScript', 'Swift', 'Tableau', 'Deep Learning', 'AWS', 'Jira', 'Postman', 'Selenium', 'Machine Learning']",2,1,1,6,1,10,4,0.8320000000000001,8,1.0729613733905579,0.36363636363636365,2
STU0946,Electronics,3,6.59,10,"['Java', 'NLP', 'Kafka', 'Django', 'Jira', 'Unity', 'Tableau', 'Azure', 'Figma', 'Embedded C']",6,1,1,2,0,10,8,0.659,4,1.3175230566534915,0.7272727272727273,3
STU0947,Computer Science,4,8.17,7,"['Linux', 'Jira', 'Python', 'C++', 'FastAPI', 'Azure', 'NLP']",6,2,2,4,1,7,10,0.817,8,0.7633587786259542,1.25,1
STU0948,Computer Science,4,5.61,5,"['Git', 'Kotlin', 'MongoDB', 'JavaScript', 'Python']",7,3,4,2,0,5,13,0.561,10,0.75642965204236,2.1666666666666665,1
STU0949,Computer Science,4,8.83,10,"['Git', 'GCP', 'SQL', 'Figma', 'TypeScript', 'Azure', 'CSS', 'Java', 'Embedded C', 'Kotlin']",6,5,3,6,1,10,16,0.883,12,1.017293997965412,1.4545454545454546,1
STU0950,Electronics,4,9.15,8,"['Figma', 'Power BI', 'NLP', 'FastAPI', 'Kafka', 'Python', 'Node.js', 'React']",5,0,0,9,1,8,5,0.915,9,0.7881773399014778,0.5555555555555556,3
STU0951,Information Science,4,5.2,3,"['Flutter', 'Azure', 'HTML']",3,5,1,3,1,3,13,0.52,5,0.48387096774193544,3.25,4
STU0952,Electrical,4,9.08,4,"['Swift', 'Jira', 'Kafka', 'MySQL']",5,0,4,7,0,4,5,0.908,15,0.3968253968253968,1.0,2
STU0953,Information Science,3,9.09,7,"['Tableau', 'FastAPI', 'Flutter', 'Solidity', 'CSS', 'NLP', 'TypeScript']",2,5,1,3,1,7,12,0.909,5,0.6937561942517344,1.5,4
STU0954,Civil,3,9.13,11,"['CSS', 'React', 'Kafka', 'Embedded C', 'TypeScript', 'Azure', 'Selenium', 'Python', 'Spark', 'Flutter', 'Jira']",4,1,1,9,1,11,6,0.913,11,1.085883514313919,0.5,0
STU0955,Electronics,4,5.1,4,"['Postman', 'Kubernetes', 'Tableau', 'Git']",2,0,4,8,0,4,2,0.51,16,0.6557377049180328,0.4,3
STU0956,Mechanical,4,8.57,7,"['FastAPI', 'HTML', 'AWS', 'Python', 'MySQL', 'Azure', 'Jira']",0,3,1,9,1,7,6,0.857,11,0.7314524555903866,0.75,5
STU0957,Mechanical,4,5.56,11,"['HTML', 'Deep Learning', 'SQL', 'Java', 'Spark', 'Selenium', 'NLP', 'Solidity', 'Kubernetes', 'JavaScript', 'Swift']",6,5,1,6,0,11,16,0.5559999999999999,8,1.676829268292683,1.3333333333333333,5
STU0958,Mechanical,4,6.85,8,"['HTML', 'Node.js', 'React', 'FastAPI', 'Azure', 'Figma', 'MongoDB', 'Jira']",7,0,3,9,1,8,7,0.6849999999999999,15,1.019108280254777,0.7777777777777778,5
STU0959,Electrical,3,6.41,4,"['Kafka', 'Kotlin', 'TypeScript', 'Kubernetes']",5,5,0,8,1,4,15,0.641,8,0.5398110661268556,3.0,2
STU0960,Computer Science,4,8.52,3,"['Deep Learning', 'Spark', 'Selenium']",7,3,0,9,1,3,13,0.852,9,0.31512605042016806,3.25,1
STU0961,Civil,4,5.62,10,"['C++', 'Git', 'Azure', 'Deep Learning', 'MongoDB', 'FastAPI', 'Flutter', 'Linux', 'Tableau', 'Kubernetes']",4,0,3,2,0,10,4,0.562,8,1.5105740181268883,0.36363636363636365,0
STU0962,Computer Science,4,9.11,4,"['TypeScript', 'React', 'NLP', 'MySQL']",7,1,3,0,0,4,9,0.9109999999999999,6,0.39564787339268054,1.8,1
STU0963,Electrical,3,9.7,11,"['Unity', 'Spark', 'Node.js', 'Java', 'Python', 'React', 'Deep Learning', 'NLP', 'Tableau', 'CSS', 'MySQL']",7,3,3,2,1,11,13,0.97,8,1.0280373831775702,1.0833333333333333,2
STU0964,Mechanical,4,8.91,5,"['FastAPI', 'SQL', 'Kafka', 'Tableau', 'Django']",3,4,3,8,1,5,11,0.891,14,0.5045408678102926,1.8333333333333333,5
STU0965,Mechanical,3,8.11,8,"['Deep Learning', 'Figma', 'Java', 'Flutter', 'Selenium', 'FastAPI', 'Kubernetes', 'Embedded C']",6,0,3,3,1,8,6,0.8109999999999999,9,0.8781558726673985,0.6666666666666666,5
STU0966,Electrical,3,5.58,4,"['FastAPI', 'JavaScript', 'Kafka', 'React']",1,2,4,6,1,4,5,0.558,14,0.60790273556231,1.0,2
STU0967,Mechanical,3,5.03,6,"['Python', 'HTML', 'Node.js', 'Spark', 'Selenium', 'Tableau']",4,0,0,7,0,6,4,0.503,7,0.9950248756218905,0.5714285714285714,5
STU0968,Electrical,4,5.09,3,"['Flutter', 'Figma', 'HTML']",0,3,0,2,0,3,6,0.509,2,0.49261083743842365,1.5,2
STU0969,Electrical,3,5.82,3,"['React', 'MongoDB', 'Spark']",4,0,2,2,0,3,4,0.5820000000000001,6,0.4398826979472141,1.0,2
STU0970,Civil,4,5.46,4,"['TypeScript', 'Node.js', 'MongoDB', 'Git']",0,1,3,4,0,4,2,0.546,10,0.6191950464396285,0.4,0
STU0971,Electronics,4,7.24,3,"['Jira', 'Python', 'Node.js']",5,4,1,8,0,3,13,0.724,10,0.3640776699029126,3.25,3
STU0972,Computer Science,4,9.23,8,"['Tableau', 'C++', 'Node.js', 'MySQL', 'SQL', 'Swift', 'Machine Learning', 'CSS']",3,0,0,2,1,8,3,0.923,2,0.7820136852394917,0.3333333333333333,1
STU0973,Electrical,3,8.94,11,"['Tableau', 'Kubernetes', 'Kafka', 'Deep Learning', 'Git', 'Solidity', 'Azure', 'Swift', 'Selenium', 'Kotlin', 'FastAPI']",2,4,1,3,1,11,10,0.8939999999999999,5,1.1066398390342054,0.8333333333333334,2
STU0974,Mechanical,3,7.97,11,"['GCP', 'NLP', 'FastAPI', 'MongoDB', 'Docker', 'Java', 'Spark', 'HTML', 'Jira', 'MySQL', 'Postman']",2,0,1,6,1,11,2,0.7969999999999999,8,1.226309921962096,0.16666666666666666,5
STU0975,Civil,3,6.72,6,"['CSS', 'Figma', 'C++', 'React', 'Tableau', 'FastAPI']",2,3,3,8,0,6,8,0.6719999999999999,14,0.7772020725388601,1.1428571428571428,0
STU0976,Information Science,4,8.35,11,"['Power BI', 'Kubernetes', 'NLP', 'Postman', 'Node.js', 'Kotlin', 'React', 'C++', 'Solidity', 'Machine Learning', 'Azure']",5,3,0,6,1,11,11,0.835,6,1.1764705882352942,0.9166666666666666,4
STU0977,Information Science,4,6.88,3,"['Swift', 'Azure', 'Spark']",2,2,2,2,1,3,6,0.688,6,0.3807106598984772,1.5,4
STU0978,Electrical,4,6.28,8,"['MongoDB', 'NLP', 'Embedded C', 'Java', 'React', 'Python', 'Docker', 'MySQL']",1,2,1,3,1,8,5,0.628,5,1.0989010989010988,0.5555555555555556,2
STU0979,Civil,3,7.34,5,"['Kubernetes', 'Swift', 'Power BI', 'Selenium', 'Python']",6,2,3,3,1,5,10,0.734,9,0.5995203836930456,1.6666666666666667,0
STU0980,Information Science,4,6.42,10,"['TypeScript', 'JavaScript', 'MySQL', 'CSS', 'Machine Learning', 'HTML', 'Linux', 'Node.js', 'Deep Learning', 'Tableau']",7,0,3,4,0,10,7,0.642,10,1.3477088948787062,0.6363636363636364,4
STU0981,Mechanical,4,7.55,5,"['Power BI', 'Node.js', 'MySQL', 'SQL', 'Postman']",0,3,0,2,0,5,6,0.755,2,0.5847953216374269,1.0,5
STU0982,Mechanical,4,6.42,3,"['Flutter', 'AWS', 'Swift']",4,5,2,9,0,3,14,0.642,13,0.40431266846361186,3.5,5
STU0983,Electronics,4,9.77,6,"['Azure', 'Postman', 'Spark', 'Machine Learning', 'JavaScript', 'FastAPI']",0,5,1,8,1,6,10,0.977,10,0.5571030640668524,1.4285714285714286,3
STU0984,Mechanical,4,5.25,6,"['Kubernetes', 'Java', 'Deep Learning', 'Git', 'HTML', 'MySQL']",3,5,0,7,1,6,13,0.525,7,0.96,1.8571428571428572,5
STU0985,Information Science,3,8.07,6,"['AWS', 'Power BI', 'Docker', 'TypeScript', 'CSS', 'Postman']",6,1,1,4,1,6,8,0.807,6,0.6615214994487321,1.1428571428571428,4
STU0986,Mechanical,3,6.98,9,"['CSS', 'MongoDB', 'SQL', 'Selenium', 'Swift', 'Jira', 'Postman', 'Azure', 'C++']",5,1,3,7,0,9,7,0.6980000000000001,13,1.1278195488721805,0.7,5
STU0987,Mechanical,3,5.97,3,"['NLP', 'C++', 'Django']",7,2,1,6,0,3,11,0.597,8,0.430416068866571,2.75,5
STU0988,Electronics,4,7.95,6,"['Kotlin', 'Selenium', 'Docker', 'Solidity', 'C++', 'AWS']",3,5,2,4,1,6,13,0.795,8,0.670391061452514,1.8571428571428572,3
STU0989,Information Science,4,7.58,10,"['Node.js', 'Flutter', 'AWS', 'React', 'FastAPI', 'Deep Learning', 'Git', 'Swift', 'Jira', 'Unity']",0,4,0,0,0,10,8,0.758,0,1.1655011655011656,0.7272727272727273,4
STU0990,Civil,3,6.94,6,"['Machine Learning', 'Java', 'Linux', 'Docker', 'C++', 'SQL']",7,2,3,5,0,6,11,0.6940000000000001,11,0.7556675062972292,1.5714285714285714,0
STU0991,Electrical,4,8.41,4,"['Python', 'Django', 'Embedded C', 'Azure']",7,5,0,4,1,4,17,0.841,4,0.4250797024442083,3.4,2
STU0992,Computer Science,3,8.65,3,"['Jira', 'Spark', 'Postman']",1,4,2,0,1,3,9,0.865,4,0.31088082901554404,2.25,1
STU0993,Computer Science,3,9.6,11,"['JavaScript', 'Kotlin', 'Kafka', 'Deep Learning', 'React', 'AWS', 'Selenium', 'Docker', 'Power BI', 'Python', 'Flutter']",4,2,4,2,1,11,8,0.96,10,1.0377358490566038,0.6666666666666666,1
STU0994,Mechanical,3,5.39,5,"['NLP', 'Kubernetes', 'AWS', 'Embedded C', 'Git']",1,1,2,6,0,5,3,0.5389999999999999,10,0.782472613458529,0.5,5
STU0995,Electronics,3,6.0,3,"['React', 'JavaScript', 'TypeScript']",7,5,0,2,0,3,17,0.6,2,0.42857142857142855,4.25,3
STU0996,Electronics,4,8.12,10,"['Deep Learning', 'SQL', 'AWS', 'Spark', 'Tableau', 'C++', 'Machine Learning', 'Azure', 'Jira', 'Kafka']",0,2,0,0,1,10,4,0.8119999999999999,0,1.0964912280701755,0.36363636363636365,3
STU0997,Electrical,3,5.14,7,"['Tableau', 'Postman', 'Embedded C', 'NLP', 'CSS', 'React', 'GCP']",6,4,0,3,0,7,14,0.514,3,1.1400651465798046,1.75,2
STU0998,Civil,4,5.37,5,"['Flutter', 'Git', 'Django', 'Azure', 'HTML']",4,0,1,4,0,5,4,0.537,6,0.7849293563579278,0.6666666666666666,0
STU0999,Computer Science,4,9.27,4,"['Azure', 'Figma', 'Git', 'Swift']",7,5,2,6,1,4,17,0.9269999999999999,10,0.3894839337877313,3.4,1
STU1000,Electrical,4,5.09,9,"['Deep Learning', 'Tableau', 'Embedded C', 'CSS', 'Power BI', 'Spark', 'Solidity', 'Unity', 'Node.js']",0,4,0,9,1,9,8,0.509,9,1.477832512315271,0.8,2
